synonyms,average,word
قَضِيَّة,40,شَأن
مَسْألَة,75,شَأن
أمْر,"72,5",شَأن
شَيء,80,شَأن
شَهْر شَمْسِيّ,"72,5",شَهْر
شَهْر مِيلادِيّ,80,شَهْر
نَوْع,10,شَكْل
نَمَط,"42,5",شَكْل
صِنْف,"2,5",شَكْل
ضَرْب,"17,5",شَكْل
جِسْم إِنْسَان,40,شَكْل
جَسَد إِنْسَان,"37,5",شَكْل
هَيْكَل,75,شَكْل
بُنْيَة,35,شَكْل
بِنْيَة,"57,5",شَكْل
بَدَن,10,شَكْل
صُورَة,55,شَكْل
رَسْم,"57,5",شَكْل
شَخْصِيَّة,"7,5",شَكْل
زِينَة,"7,5",شَكْل
زَخْرَفَة,"22,5",شَكْل
شَكْل كَلِمَة,"22,5",شَكْل
شَكْل جِسْمَانِي,"37,5",شَكْل
شَكْل بَشَرِيّ,30,شَكْل
هَيْئَة,"47,5",شَكْل
مَظْهَر,"52,5",شَكْل
قِطْعَة,90,شَرِيحَة
مَسْألَة,40,شَيء
شَأن,"22,5",شَيء
أمْر,65,شَيء
قِسْم,75,شُعْبَة
فِئَة,"82,5",شُعْبَة
جُزْء,"72,5",شُعْبَة
تَذَكُّر,65,ذَاكِرَة
حِسّ,60,إحْسَاس
حَاسَّة,25,إحْسَاس
شُعُور,100,إحْسَاس
نِتَاج,"62,5",إِنْتَاج
مُنْتَج,55,إِنْتَاج
مَنْتُوج,50,إِنْتَاج
آدَمِي,"82,5",إِنْسَانِي
بَشَرِي,"92,5",إِنْسَانِي
بَشَرِيّ,"92,5",إِنْسَانِي
اِنْسَانِي,100,إِنْسَانِي
تَفَاهُم,"72,5",إتِّفَاق
رُسُوب,"67,5",إِخْفَاق
فَشَل,95,إِخْفَاق
إِفْلاس,"37,5",إِخْفَاق
قَرَار,80,أَمْر
حُكْم,"77,5",أَمْر
مَرْسُوم,"72,5",أَمْر
تَأزُّم,85,أَزْمَة
تُرْبَة,20,أرْض
تُرَاب,20,أرْض
أرْضِيَّة,"37,5",أرْض
بَرّ,"62,5",أرْض
اليَابِسَة,"62,5",أرْض
الأرْض,100,أرْض
دَوْلَة,20,أرْض
بَلَد,20,أرْض
قِطْعَة أرْض,"22,5",أرْض
مُلْك,"7,5",أرْض
عَقَار,"7,5",أرْض
خَبَر,100,أخْبَار
نَبَأ,85,أخْبَار
تَوْظِيف,"62,5",اِسْتِثْمار
تَوْحِيد,45,اِتِّحَاد
دَمْج,50,اِتِّحَاد
ضَمّ,"62,5",اِتِّحَاد
اِنْدِمَاج,"42,5",اِتِّحَاد
اِئْتِلاف,75,اِتِّحَاد
مَجْمُوعَة,50,اِتِّحَاد
جَمْع,"42,5",اِتِّحَاد
مَجْمُوع,10,اِتِّحَاد
نَقَابَة عُمَّال,"12,5",اِتِّحَاد
اِتِّحَاد عُمَّال,15,اِتِّحَاد
اِتِّحاد,100,اِتِّحَاد
عَجْز,"92,5",ضَعْف
أَمْت,"67,5",ضَعْف
وَهْن,80,ضَعْف
إِنْعِدَام القُوَّة,"72,5",ضَعْف
قَهْقَهَة,"82,5",ضَحِك
ضِحْك,"97,5",ضَحِك
نَجَاح بَاهِر,20,ضَرْبَة
نَجَاح,"32,5",ضَرْبَة
مُصِيبَة,"2,5",ضَرْبَة
إِصَابَة,25,ضَرْبَة
هَجْمَة,35,ضَرْبَة
دُنْيَا,"57,5",عَالَم
حَيَاة,"67,5",عَالَم
بَشَر,"37,5",عَالَم
عُنْصُر,"82,5",عَامِل
مُكَوِّن,"67,5",عَامِل
جُزء,"22,5",عَامِل
وَسِيط,40,عَامِل
وَكِيل,"7,5",عَامِل
سَمْسَار,5,عَامِل
دَلاَل,"2,5",عَامِل
عامِل,100,عَامِل
رَقَم,45,عَدَد
رَقَم تَعْيِين الهَوِيَّة,5,عَدَد
إِِصْدَار,"2,5",عَدَد
خَصْم,"87,5",عَدُوّ
مُعَاد,"77,5",عَدُوّ
عَدوّ,100,عَدُوّ
وَسْم,"42,5",عَلامَة
وَاصِمَة,"7,5",عَلامَة
تَعْلِيم,25,عَلامَة
تَأْشِير,30,عَلامَة
دَلالَة,"37,5",عَلامَة
دَلِيل,5,عَلامَة
أَثَر,10,عَلامَة
عَلاَمَة,100,عَلامَة
إشَارَة,"87,5",عَلامَة
وَصْمَة عَار,0,عَلامَة
لَطْخَة,"7,5",عَلامَة
صِلَة,"87,5",عَلاقَة
اِرْتِبَاط,"87,5",عَلاقَة
أُلْفَة,"42,5",عَلاقَة
قَرَابَة,"67,5",عَلاقَة
رَابِطَة,65,عَلاقَة
عَلاَقَة إنْسَانِيَّة,"62,5",عَلاقَة
عَلاَقَة,100,عَلاقَة
عَمَلِيّة غَيْر مَقْصُودَة,30,عَمَلِيَّة
عَمَلِيّة لا شُعُورِيَّة,10,عَمَلِيَّة
عَمَلِيّة إِدْرَاكِيَّة,"72,5",عَمَلِيَّة
عَمَلِيَّة مَعْرِفِيَّة,"72,5",عَمَلِيَّة
طَرِيقَة,"47,5",عَمَلِيَّة
إِجْراء,60,عَمَلِيَّة
عَمَل,50,عَمَلِيَّة
إجْراء,60,عَمَلِيَّة
عَمَلِيَّة عَسْكَرِيَّة,75,عَمَلِيَّة
جِرَاحَة,"17,5",عَمَلِيَّة
عَمَلِيَّة جِرَاحِيَّة,"82,5",عَمَلِيَّة
مَعْرَكَة,"22,5",عَمَلِيَّة
عَمَل عَسْكَرِيّ,75,عَمَلِيَّة
أدَاء,"37,5",عَمَلِيَّة
اِسْتِعْرَاض,"87,5",عَرْض
إيضَاح,20,عَرْض
تِكْرَار,"7,5",عَوْدَة
إِعَادَة,65,عَوْدَة
رُجُوع,95,عَوْدَة
عَوْدَة للوَطَن,80,عَوْدَة
طَرَف,40,عُضْو
جُزْء مِن جِسْم,45,عُضْو
عُضْو مِن جِسْم,40,عُضْو
الإسْم والعُنْوَان,65,عُنْوَان
تَجَمُّع,90,حَشْد
جَمْع,"82,5",حَشْد
مَجْمُوعَة,"47,5",حَشْد
جَمَاعَة,"82,5",حَشْد
فَرِيق,55,حَشْد
حَشْر,"62,5",حَشْد
إِجْتِمَاع,"47,5",حَشْد
تَجْمِيْع,20,حَشْد
مُلْتَقَى,50,حَشْد
اِحْتِشَاد,"77,5",حَشْد
إِلْتِقَاء,45,حَشْد
خِنْزِير غِينِيّ,0,حَالَة
مَوْضُوع الْبَحْث,10,حَالَة
نَمُوذَج,"7,5",حَالَة
مِثال,10,حَالَة
مَثَل,10,حَالَة
أُمْثُوْلَة,10,حَالَة
شَاهِد,"2,5",حَالَة
قَضِيَّة,40,حَالَة
مَسْأَلَة,"47,5",حَالَة
دَعْوَى قَضَائِيَّة,"7,5",حَالَة
دَعْوَى,"7,5",حَالَة
اِدِّعَاء,15,حَالَة
شَكْوَى,"7,5",حَالَة
حَال,"87,5",حَالَة
وَضْعِيَّة,50,حَالَة
وَضْعَ,95,حَالَة
تَحْرِيم,"77,5",حَظْر
مَنْع,"97,5",حَظْر
إِبْعَاد,45,حَظْر
نَهْي,80,حَظْر
تَقْيِيد,80,حَدّ
تَحْدِيد,50,حَدّ
خَط حُدُود,60,حَدّ
حَصْر,"77,5",حَدّ
قَيْد,"72,5",حَدّ
نِطَاق,40,حَدّ
حُدُود,95,حَدّ
خَط الحُدُود,"62,5",حَدّ
نِهَايَة,85,حَدّ
حَافَّة,"62,5",حَدّ
حَفْلَة,0,حَفْل
مَرَاسِم,70,حَفْل
حَفْل رَسْمِي,"82,5",حَفْل
اِحْتِفَال,"97,5",حَفْل
جُلْمُود,70,حَجَر
صَخْر,"87,5",حَجَر
صَخْرة,"87,5",حَجَر
حَجَرة,"72,5",حَجَر
جَذْر,10,حَلّ
وَاقِع,"87,5",حَقِيْقَة
حَقِيقَة,100,حَقِيْقَة
سَهْل,"92,5",حَقْل
مَيْدَان مَعْرِفَة,20,حَقْل
مَجَال,5,حَقْل
نِطَاق,"17,5",حَقْل
مَيْدَان,"42,5",حَقْل
إِطَار,15,حَقْل
مَلْعَب,"32,5",حَقْل
تَحَرُّك,"77,5",حَرَكَة
تَنَقُّل,70,حَرَكَة
نَشَاط,"22,5",حَرَكَة
فَعَالِيَّة,"7,5",حَرَكَة
عَمَل,"12,5",حَرَكَة
جَبْهَة,0,حَرَكَة
حَرَكَة إِجْتِمَاعِيَّة,5,حَرَكَة
سَفَرَ,25,حَرَكَة
رِحْلَة,"17,5",حَرَكَة
مَسِيرَة,15,حَرَكَة
هِجْرَة,25,حَرَكَة
اِنْتِقَال,55,حَرَكَة
فَعَالِيَّة,"7,5",حَرَكَة
خُطْوَة,25,حَرَكَة
مُبَادَرَة,0,حَرَكَة
حَمْلَة,0,حَرَكَة
اِشَارَة,15,حَرَكَة
إِيمَاءَة,15,حَرَكَة
إِيحَاء,"17,5",حَرَكَة
إِيعَاز,"12,5",حَرَكَة
إيمَاءَة,20,حَرَكَة
إشَارَة,15,حَرَكَة
خَطِير,80,حَرِج
خَطِر,65,حَرِج
حَاسِم,70,حَرِج
نَشَاط,"22,5",حَيَاة
حَرَكَة,20,حَيَاة
حَيَوِيَّة,65,حَيَاة
إِنْتِعَاش,"17,5",حَيَاة
رُوح,55,حَيَاة
هِمَّة,"7,5",حَيَاة
حَيَويَّة,65,حَيَاة
حَيَاة شَخْص,60,حَيَاة
مَعِيشَة,"57,5",حَيَاة
عُمْر,"17,5",حَيَاة
مُدَّة حَيَاة,"12,5",حَيَاة
فَتْرَة حَيَاة,"7,5",حَيَاة
مَطْمَح,"52,5",حُلُم
طُمُوح,"82,5",حُلُم
صَفّ مَدْرَسِي,75,صَفّ
خَطّ,90,صَفّ
تَصْوِيت,10,صَوْت
فَرِيق عَمَل,90,طَاقَم
جَمْع,"37,5",طَاقَم
جَمَاعَة,40,طَاقَم
فَرِيق,"57,5",طَاقَم
مَجْمُوعَة,65,طَاقَم
دراسة,"87,5",بَحْث
بحث,100,بَحْث
تَحْقِيق,"52,5",بَحْث
جِسْم,85,بَدَن
جُرُم,"2,5",بَدَن
جَسَد,60,بَدَن
جِذْع,"7,5",بَدَن
هَيْئَة,70,بَدَن
نُقْطَة,75,بَنْد
مَادَّة,"82,5",بَنْد
جُزُء,"57,5",بَنْد
تَقْوِيَة,"52,5",دَعْم
تَعْزِيزَ,65,دَعْم
إِمْدَاد,80,دَعْم
تَدْعِيم,80,دَعْم
تَعْزِيز,"67,5",دَعْم
رِعَايَة,"72,5",دَعْم
مُسَانَدَة,"87,5",دَعْم
تَأْيِيد,"42,5",دَعْم
مُسَاعَدَة,"77,5",دَعْم
رُتْبَة,"2,5",دَرَجَة
مَرْتَبَة,5,دَرَجَة
مَنْزِلَة,"2,5",دَرَجَة
نُقْطَة,"7,5",دَرَجَة
مُسْتَوَى,50,دَرَجَة
مَرْحَلَة,5,دَرَجَة
دَرَجَة عِلْمِيَّة,10,دَرَجَة
دَرَجَة أَكَادِيمِيَّة,5,دَرَجَة
شَهَادَة عِلْمِيَّة,"2,5",دَرَجَة
شَهَادَة,"2,5",دَرَجَة
خُسْرَان,75,فَقْد
خَسَارَة,90,فَقْد
خَسَائِر,"52,5",فَقْد
نَقْص,"27,5",فَقْد
فِقْدَان,95,فَقْد
إِصَابَة بالأَفْراد,"22,5",فَقْد
مَفْقُودَات,20,فَقْد
وَفَاة,80,فَقْد
رَحِيل,80,فَقْد
فُقْدَان,95,فَقْد
فِرَاق,65,فَقْد
إِنْتِقَال إلى رَحْمَة اللَّه,"52,5",فَقْد
إِنْتِهَاء أَجَل,"67,5",فَقْد
إِنْقِضَاء أَجَل,"57,5",فَقْد
حِرْمَان,20,فَقْد
نُقْصَان,"27,5",فَقْد
فُرْصَة,5,فَتْح
شَاغِر,"2,5",فَتْح
إِفْتِتَاح,55,فَتْح
تَفْكِير,85,فِكْر
تَأَمُّل,"52,5",فِكْر
فِكْرَة,70,فِكْر
خَاطِرَة,40,فِكْر
خَاطِر,"47,5",فِكْر
جَمْع,"12,5",فِرْقَة
مَجْمُوعَة,"47,5",فِرْقَة
جَمَاعَة,"42,5",فِرْقَة
فِرْقَة المُوسيقى الرَّاقِصَة,"67,5",فِرْقَة
غِطَاء,90,غِلاف
وَجْه,"77,5",جَانِب
قَدْر,"67,5",كَمِّيَّة
مِقْدَار,"82,5",كَمِّيَّة
مِقْيَاس,"77,5",كَمِّيَّة
مَبْلَغ,"37,5",كَمِّيَّة
كَمّ,80,كَمِّيَّة
وَقْت,"87,5",زَمَن
تَوْقِيت,"47,5",زَمَن
سَاعَة,40,زَمَن
بُعْد رَابِع,5,زَمَن
يَوْم شَمْسِيّ,75,يَوْم
أَرْبَعٌ و عِشْرُون سَاعَة,"67,5",يَوْم
عَصْر,"7,5",يَوْم
أَيَّام,"52,5",يَوْم
نَهَار,50,يَوْم
وَضَح النَّهَار,"22,5",يَوْم
عِيْد,0,يَوْم
سُهْد,"57,5",يَقَظَة
سُهَاد,"62,5",يَقَظَة
سَهَر,"12,5",يَقَظَة
أَرَق,10,يَقَظَة
إِنْعِدَام النَّوْم,"47,5",يَقَظَة
تَيَقُّظ,80,يَقَظَة
صَحْو,"77,5",يَقَظَة
إِسْتِيقَاظ,75,يَقَظَة
يَارْدَة,"37,5",خُطْوَة
خُطْوَة رَاقِصَة,50,خُطْوَة
وَقْع أَقْدَام,75,خُطْوَة
تَدْبِير,10,خُطْوَة
اِعْدَاد,0,خُطْوَة
إِجْرَاء,"2,5",خُطْوَة
مُدِيرِيَّة,10,خِدْمَة
مَصْلَحَة,65,خِدْمَة
نَبَأ,95,خَبَر
أخْبَار,95,خَبَر
صَفّ,90,خَطّ
مَسَار,85,خَطّ
نَظْرَة,90,وِجْهَة نَظَر
مَنْظُور,75,وِجْهَة نَظَر
وِزَارَة,100,وَزَارَة
صَفْحَة,25,وَرَقَة
صَحِيفَة,"57,5",وَرَقَة
تَوْقِيت,40,وَقْت
سَاعَة,35,وَقْت
وَقْت مُنَاسِب,60,وَقْت
مَوْعِد,20,وَقْت
فُرْصَة مُنَاسِبَة,"12,5",وَقْت
أَوَان,30,وَقْت
زَمَن,45,وَقْت
بُعْد رَابِع,0,وَقْت
وَسِيط,80,وَكِيل
سَمْسَار,55,وَكِيل
دَلاَل,"47,5",وَكِيل
عَامِل,"42,5",وَكِيل
مَنْدُوب,70,وَكِيل
عَمِيل,"52,5",وَكِيل
مَظْهَر,95,وَجْه
تَعْبِير,50,وَجْه
تَعْبِير الوَجْه,40,وَجْه
جَانِب,"17,5",وَجْه
وَصْف لَفْظِيّ,90,وَصْف
وَصْف شَفَهِيّ,90,وَصْف
وَحْدَة قِيَاس,50,وَحْدَة
وَحْدَة إِجْتِمَاعِيَّة,85,وَحْدَة
وَحْدَة أَسَاسِيَّة,"82,5",وَحْدَة
مَجْمُوع,"17,5",وَحْدَة
كُلّ,"12,5",وَحْدَة
جَمِيع,15,وَحْدَة
جَمْع,20,وَحْدَة
وَاقِعِيَّة,75,وَاقِع
حَقِيقَة,"82,5",وَاقِع
الوَاقِعِيَّة,75,وَاقِع
الحَقِيقِيَّة,75,وَاقِع
ثَراء,"57,5",ثَرْوَة
غِنَى,"57,5",ثَرْوَة
اِسْتِقْرار,"92,5",ثَبَات
تَوَازُن,60,ثَبَات
رُسُوخ,80,ثَبَات
تَدْبِير,80,تَخْطِيط
تَوْزِيع إِحْصَائِيّ,"52,5",تَوْزِيع
تَوَزُّع,80,تَوْزِيع
تَفَرُّق,45,تَوْزِيع
تَبَعْثُر,"37,5",تَوْزِيع
تَشَتُّت,25,تَوْزِيع
دُخُول,"2,5",تَسْجِيل
اِنْخِرَاط,20,تَسْجِيل
تَرْكِيب,90,تَرْكِيبَة
تَشْكِيلَة,"77,5",تَرْكِيبَة
مَجْمُوعَة,"72,5",تَرْكِيبَة
تَرْكِيب نَحْوِيّ,"52,5",تَرْكِيب
عِبارَة,10,تَرْكِيب
تَرْكِيبَة,95,تَرْكِيب
بُنْيَة,75,تَرْكِيب
خِبْرَة,40,تَجْرِبَة
مَعْرِفَة,"52,5",تَجْرِبَة
قِنِّينَة,100,قَارُوْرَة;قِنِّيْنَة;زُجَاجَة
إِزْدِيَاد,95,إِضَافَة;زِيَادَة
تَعَاظُم,"77,5",إِضَافَة;زِيَادَة
نُمُو,75,إِضَافَة;زِيَادَة
اِرْتِفَاع,90,إِضَافَة;زِيَادَة
زِيادَة,100,إِضَافَة;زِيَادَة
اِزْدِيَاد,95,إِضَافَة;زِيَادَة
جَمْع,30,إِضَافَة;زِيَادَة
تَدْنِيس,"2,5",قَسَم;يَمِين
سَبّ,"2,5",قَسَم;يَمِين
شَتْم,5,قَسَم;يَمِين
خُبْث,"22,5",عَدَم أَمَانَة;غِشّ;خِيَانَة
تَضْلِيْل,"57,5",عَدَم أَمَانَة;غِشّ;خِيَانَة
كَذِب,85,عَدَم أَمَانَة;غِشّ;خِيَانَة
عَدَم اﻷَمَانَة,"97,5",عَدَم أَمَانَة;غِشّ;خِيَانَة
عَدَم الشَّرَف,50,عَدَم أَمَانَة;غِشّ;خِيَانَة
فَائِدَة,15,مَصْلَحَة;مُدِيرِيَّة;خِدْمَة
وَظِيفَة,20,مَصْلَحَة;مُدِيرِيَّة;خِدْمَة
سَقْط,40,تَسَاقُط الثَلْج;ثَلْج
خَلِيط,95,مَزْج;تركيب;خَلْط
تَخْلِيط,60,مَزْج;تركيب;خَلْط
تَرْكِيب,"97,5",مَزْج;تركيب;خَلْط
دَمْج,90,مَزْج;تركيب;خَلْط
مَزِيج,90,مَزْج;تركيب;خَلْط
اِمْتِزاج,75,مَزْج;تركيب;خَلْط
اِتِّحَاد,65,مَزْج;تركيب;خَلْط
طَالِب,100,تِلْمِيذ
مُتَعَلِّم,85,تِلْمِيذ
دَارِس,"77,5",تِلْمِيذ
مِهْنَة,70,تِجَارَة;زَبَانَة
عَمَل,80,تِجَارَة;زَبَانَة
مَشْرُوع تِجَارِي,"87,5",تِجَارَة;زَبَانَة
زَبُون,"37,5",تِجَارَة;زَبَانَة
أعْمَال,75,تِجَارَة;زَبَانَة
نَشَاط تِجاري,85,تِجَارَة;زَبَانَة
عَمَل تِجَارِي,"87,5",تِجَارَة;زَبَانَة
أَعْمَال,75,تِجَارَة;زَبَانَة
اِبْدَال,90,اِسْتِبْدَال;تَخْفِيف
تَبْدِيل,"87,5",اِسْتِبْدَال;تَخْفِيف
تَحْوِيل,"62,5",اِسْتِبْدَال;تَخْفِيف
نَقْل,25,اِسْتِبْدَال;تَخْفِيف
إِبْدَال,90,اِسْتِبْدَال;تَخْفِيف
تَوْزِيع,0,تَكْرِيس;تَخْصِيص;وَقْف
تَعْيِين,15,تَكْرِيس;تَخْصِيص;وَقْف
تَوَزُّع,70,تَوْزِيع;تَوْزِيع إِحْصَائِيّ
تَفَرُّق,10,تَوْزِيع;تَوْزِيع إِحْصَائِيّ
تَبَعْثُر,"2,5",تَوْزِيع;تَوْزِيع إِحْصَائِيّ
تَشَتُّت,10,تَوْزِيع;تَوْزِيع إِحْصَائِيّ
تَسْخِير,70,اِسْتِثْمار;تَوْظِيف
اِسْتِخْدَام,60,اِسْتِثْمار;تَوْظِيف
دَمْج,90,اِتِّحَاد;تَوْحِيد
خَلْط,"82,5",اِتِّحَاد;تَوْحِيد
تَرْكِيب,75,اِتِّحَاد;تَوْحِيد
مَزْج,85,اِتِّحَاد;تَوْحِيد
ضَمّ,95,اِتِّحَاد;تَوْحِيد
اِنْدِمَاج,85,اِتِّحَاد;تَوْحِيد
مَجْمُوعَة,"27,5",اِتِّحَاد;تَوْحِيد
اِئْتِلاف,"82,5",اِتِّحَاد;تَوْحِيد
نَقَابَة عُمَّال,"62,5",اِتِّحَاد;تَوْحِيد
اِتِّحَاد عُمَّال,"62,5",اِتِّحَاد;تَوْحِيد
وَساطَة,"97,5",تَوَسُّط;وَسَاطَة
مَحَطَّة,"42,5",تَوَقُّف;وَقْفَة
هَيْكَل,90,بُنْيَة;تَرْكِيبَة
تَرْكِيب,85,بُنْيَة;تَرْكِيبَة
تَرْكِيب نَحْوِيّ,"77,5",بُنْيَة;تَرْكِيبَة
عِبارَة,"7,5",بُنْيَة;تَرْكِيبَة
جِسْم إِنْسَان,"67,5",بُنْيَة;تَرْكِيبَة
جَسَد إِنْسَان,65,بُنْيَة;تَرْكِيبَة
بِنْيَة,95,بُنْيَة;تَرْكِيبَة
بَدَن,65,بُنْيَة;تَرْكِيبَة
تَشْكِيلَة,25,بُنْيَة;تَرْكِيبَة
تَكْوِين,"82,5",بُنْيَة;تَرْكِيبَة
أداء,85,تَطْبِيق;تَنْفِيذ
إنْجَاز,"87,5",تَطْبِيق;تَنْفِيذ
إِجْراء,"82,5",تَطْبِيق;تَنْفِيذ
إلْزَام,"12,5",تَطْبِيق;تَنْفِيذ
نِظَام,"92,5",ضَبْط;تَنْظِيم
لَوْن,"72,5",صَبْغ;تَلْوِين
فَسَاد,"42,5",اِنْحِدَار;تَلاشِي
اِنْحِطَاط,"57,5",اِنْحِدَار;تَلاشِي
تِكْرَار,100,إِعَادَة;تَكْرَار
إِرجاع,"67,5",إِعَادَة;تَكْرَار
تَخْوِيل,"97,5",تَفْوِيض;تَكْلِيف
تَوْكِيل,100,تَفْوِيض;تَكْلِيف
تَمْثِيل,"77,5",تَفْوِيض;تَكْلِيف
اِنْتِدَاب,20,تَفْوِيض;تَكْلِيف
وَفد,30,تَفْوِيض;تَكْلِيف
مُفَوَّض,"42,5",تَفْوِيض;تَكْلِيف
مَنْدُوب,"47,5",تَفْوِيض;تَكْلِيف
مَبْعُوث,"32,5",تَفْوِيض;تَكْلِيف
بِعْثَة,40,تَفْوِيض;تَكْلِيف
تَقْطِيع,10,تَجْزِئَة;تَقْسِيم
فَصْل,"92,5",تَجْزِئَة;تَقْسِيم
قِسْمَة,50,تَجْزِئَة;تَقْسِيم
تَثَلُّج,10,جُمُود;تَجَمُّد;تَجْمِيد
إنْجِمَاد,70,جُمُود;تَجَمُّد;تَجْمِيد
صَلابَة,5,جُمُود;تَجَمُّد;تَجْمِيد
مَتَانَة,5,جُمُود;تَجَمُّد;تَجْمِيد
تَيَبُّس,0,جُمُود;تَجَمُّد;تَجْمِيد
قَسْوَة,5,جُمُود;تَجَمُّد;تَجْمِيد
لا مُرُونَة,5,جُمُود;تَجَمُّد;تَجْمِيد
مَادَة جَامِدَة,0,جُمُود;تَجَمُّد;تَجْمِيد
مَادَة صَلْبَة,0,جُمُود;تَجَمُّد;تَجْمِيد
جِسْم صَلْب,"2,5",جُمُود;تَجَمُّد;تَجْمِيد
تَجْمِيْع,60,جَمَاْعَة;جَمْعِيَّة;تَجَمُّع
جَمْع,70,جَمَاْعَة;جَمْعِيَّة;تَجَمُّع
تَجْمِيع,60,جَمَاْعَة;جَمْعِيَّة;تَجَمُّع
مَجِلِس,55,جَمَاْعَة;جَمْعِيَّة;تَجَمُّع
إجْتِمَاع,55,جَمَاْعَة;جَمْعِيَّة;تَجَمُّع
حَشْد,90,جَمَاْعَة;جَمْعِيَّة;تَجَمُّع
مَجْمُوعَة,90,جَمَاْعَة;جَمْعِيَّة;تَجَمُّع
حَشْر,15,جَمَاْعَة;جَمْعِيَّة;تَجَمُّع
إِجْتِمَاع,55,جَمَاْعَة;جَمْعِيَّة;تَجَمُّع
تَخْزِين,"7,5",جَمَاْعَة;جَمْعِيَّة;تَجَمُّع
تَرَاكُم,"2,5",جَمَاْعَة;جَمْعِيَّة;تَجَمُّع
تَكْدِيس,"2,5",جَمَاْعَة;جَمْعِيَّة;تَجَمُّع
تَصْنِيع,0,جَمَاْعَة;جَمْعِيَّة;تَجَمُّع
مَعْشَر,55,جَمَاْعَة;جَمْعِيَّة;تَجَمُّع
مَجْمُوْعَة,90,جَمَاْعَة;جَمْعِيَّة;تَجَمُّع
شَمْل,60,جَمَاْعَة;جَمْعِيَّة;تَجَمُّع
صُحْبَة,"47,5",جَمَاْعَة;جَمْعِيَّة;تَجَمُّع
عُصْبَة,50,جَمَاْعَة;جَمْعِيَّة;تَجَمُّع
عِشْرَة,"12,5",جَمَاْعَة;جَمْعِيَّة;تَجَمُّع
فَرِيْق,"87,5",جَمَاْعَة;جَمْعِيَّة;تَجَمُّع
تَسَلُّل,"77,5",هُرُوب;تَهَرُّب
فِرَار,"87,5",هُرُوب;تَهَرُّب
تَرَحُّل,85,تَغْيِير مَوْضِع;تِرْحَال
تَنَقُّل,95,تَغْيِير مَوْضِع;تِرْحَال
تَحَرُّك,"57,5",تَغْيِير مَوْضِع;تِرْحَال
سَفَر,"92,5",تَغْيِير مَوْضِع;تِرْحَال
سَفْرَة,90,تَغْيِير مَوْضِع;تِرْحَال
رِحْلَة,90,تَغْيِير مَوْضِع;تِرْحَال
تَرْخِيص,"32,5",تَفْوِيض;تَكْلِيف;تَخْوِيل
تَوْضِيح,95,شَرْح;تَعْلِيل;تَفْسِير
إيضَاح,90,شَرْح;تَعْلِيل;تَفْسِير
إِطْلاق,100,اِطْلاق;تَحْرِير;تَفْرِيغ
إعْتَاق,75,اِطْلاق;تَحْرِير;تَفْرِيغ
تَحْرِِير,"97,5",اِطْلاق;تَحْرِير;تَفْرِيغ
سَرَاح,"37,5",اِطْلاق;تَحْرِير;تَفْرِيغ
طَرْد,65,اِطْلاق;تَحْرِير;تَفْرِيغ
عَزْل,55,اِطْلاق;تَحْرِير;تَفْرِيغ
عَتْق,40,اِطْلاق;تَحْرِير;تَفْرِيغ
إِعْفَاء,25,اِطْلاق;تَحْرِير;تَفْرِيغ
تَسْيِيب,"2,5",اِطْلاق;تَحْرِير;تَفْرِيغ
إِطْلاقُ سَراح,"62,5",اِطْلاق;تَحْرِير;تَفْرِيغ
إِخْلاءُ سَبِيل,"32,5",اِطْلاق;تَحْرِير;تَفْرِيغ
إِعْتاق,75,اِطْلاق;تَحْرِير;تَفْرِيغ
إطْلاَقٌ,"97,5",اِطْلاق;تَحْرِير;تَفْرِيغ
وَصْل,80,تَدَاعِي الخَوَاطِر
تَوْصِيل,"72,5",تَدَاعِي الخَوَاطِر
رَبْط,"67,5",تَدَاعِي الخَوَاطِر
اِتَّصَال,"72,5",تَدَاعِي الخَوَاطِر
اِرْتِبَاط,"57,5",تَدَاعِي الخَوَاطِر
وَصْلَة,"42,5",تَدَاعِي الخَوَاطِر
تَوْصِيلَة,"27,5",تَدَاعِي الخَوَاطِر
رابِطَة,"47,5",تَدَاعِي الخَوَاطِر
رابِط,50,تَدَاعِي الخَوَاطِر
رَابِطَة,50,تَدَاعِي الخَوَاطِر
اِتَّصال,70,تَدَاعِي الخَوَاطِر
قَرِينَة,20,تَدَاعِي الخَوَاطِر
صِلَة,70,تَدَاعِي الخَوَاطِر
اِرْتِباط,"67,5",تَدَاعِي الخَوَاطِر
عَلاقَة,"42,5",تَدَاعِي الخَوَاطِر
تَطَوُّر,100,تَطْوِير;تَنْمِيَة
تَطَوُّرِ السُّلاَلاَت,"87,5",تَطْوِير;تَنْمِيَة
نُمُوّ,85,تَطْوِير;تَنْمِيَة
نُشُوء,55,تَطْوِير;تَنْمِيَة
نُضُوج,65,تَطْوِير;تَنْمِيَة
نُضْج,"57,5",تَطْوِير;تَنْمِيَة
تَحْسِين,80,تَطْوِير;تَنْمِيَة
تَحَسُّن,"57,5",تَطْوِير;تَنْمِيَة
صُورَة,95,تَصَوُّر
تَمْثِيل,"82,5",تَصَوُّر
تَصْوِير,75,تَصَوُّر
تَطَوُّر,"97,5",تَحَسُّن;تَحْسِين;تَطْوِير
تَقَدُّم,"92,5",تَحَسُّن;تَحْسِين;تَطْوِير
اِرْتِقَاء,"82,5",تَحَسُّن;تَحْسِين;تَطْوِير
تَحْسِيْن,100,تَحَسُّن;تَحْسِين;تَطْوِير
حَافِز,70,دَفْع;تَحْفِيز
مُثِير,50,دَفْع;تَحْفِيز
مُنَبِّه,"42,5",دَفْع;تَحْفِيز
مُنَشِّط,"42,5",دَفْع;تَحْفِيز
حَاثّ,"67,5",دَفْع;تَحْفِيز
دَافِع,70,دَفْع;تَحْفِيز
دَاعٍ,"27,5",دَفْع;تَحْفِيز
بَاعِث,40,دَفْع;تَحْفِيز
إِثَارَة,75,دَفْع;تَحْفِيز
تَحْوِيل,"92,5",تَحَوُّل
نَقْل,55,تَحَوُّل
اِنْتِقَال,60,تَحَوُّل
تَرْجَمَة,"12,5",تَحَوُّل
نَقْل مِلْكِيَّة,70,تَحَوُّل
مُرُور,10,تَحَوُّل
عُبُور,10,تَحَوُّل
سُلْطَة,85,ضَبْط;سَيْطَرَة;تَحَكُّم
سِيَادَة,80,ضَبْط;سَيْطَرَة;تَحَكُّم
هَيْمَنَة,85,ضَبْط;سَيْطَرَة;تَحَكُّم
حُكْم,70,ضَبْط;سَيْطَرَة;تَحَكُّم
تَمَكُّن,"62,5",ضَبْط;سَيْطَرَة;تَحَكُّم
قِيَادَة,"77,5",ضَبْط;سَيْطَرَة;تَحَكُّم
إِجَادَة,10,ضَبْط;سَيْطَرَة;تَحَكُّم
سَيْطَرة,100,ضَبْط;سَيْطَرَة;تَحَكُّم
اِتِّحَاد كُنْفِدْرَالِيّ,"82,5",مُحَالَفَة;تَحَالُف
اِتِّحَاد,95,مُحَالَفَة;تَحَالُف
حِلْف,"92,5",مُحَالَفَة;تَحَالُف
اِتِّحَاد فِدْرَالِي,"82,5",مُحَالَفَة;تَحَالُف
اِئْتِلاف,"87,5",مُحَالَفَة;تَحَالُف
إنْحِيَاز,25,مُحَالَفَة;تَحَالُف
جامِعَة,45,مُحَالَفَة;تَحَالُف
تَحَرُّك,70,تَعْبِئَة;تَحْرِيك
حَشْد,65,تَعْبِئَة;تَحْرِيك
اِسْتِنْفَار,"32,5",تَعْبِئَة;تَحْرِيك
مَظْهَر,20,تَعْبِئَة;تَحْرِيك
إنْعِكَاس,"27,5",تَعْبِئَة;تَحْرِيك
تَعْبِير الوَجْه,25,تَعْبِئَة;تَحْرِيك
قَوْل,"92,5",تَعْبِئَة;تَحْرِيك
عِبَارَة,20,تَعْبِئَة;تَحْرِيك
تَعْبِير اصْطِلاحِيّ,85,تَعْبِئَة;تَحْرِيك
عِبَارَة اصْطِلاحِيّة,"17,5",تَعْبِئَة;تَحْرِيك
تَعَدِّي,"77,5",عَدَائِيَّة;عُدْوَان;تَعَدٍّ
اِعْتِدَاء,90,عَدَائِيَّة;عُدْوَان;تَعَدٍّ
عَدَاء,75,عَدَائِيَّة;عُدْوَان;تَعَدٍّ
عَمَل عِدائِي,"87,5",عَدَائِيَّة;عُدْوَان;تَعَدٍّ
اِعْتِداء,"87,5",عَدَائِيَّة;عُدْوَان;تَعَدٍّ
عَمَل عَدَائِيّ,"87,5",عَدَائِيَّة;عُدْوَان;تَعَدٍّ
عَدَاوَة,75,عَدَائِيَّة;عُدْوَان;تَعَدٍّ
تَتَال,"72,5",تَعَاقُب;تَعَاقُب بِيْئِي
تَتَابُع,80,تَعَاقُب;تَعَاقُب بِيْئِي
تَسَلْسُل,90,تَعَاقُب;تَعَاقُب بِيْئِي
سِلْسِلَة,50,تَعَاقُب;تَعَاقُب بِيْئِي
تَتَالِي,"67,5",تَعَاقُب;تَعَاقُب بِيْئِي
تَوَقُّف,"72,5",إِعَاقَة;تَأخِير
تَأجِيل,"87,5",إِعَاقَة;تَأخِير
اِنْتِظَار,"52,5",إِعَاقَة;تَأخِير
نَبْرَة,"22,5",تَشْدِيد;تَأْكِيد;تَوْكِيد
جَزْم,75,تَشْدِيد;تَأْكِيد;تَوْكِيد
إِثْبات,10,تَشْدِيد;تَأْكِيد;تَوْكِيد
إِقْرَار,"22,5",تَشْدِيد;تَأْكِيد;تَوْكِيد
بَيَان,"17,5",تَشْدِيد;تَأْكِيد;تَوْكِيد
إثْبَات,5,تَشْدِيد;تَأْكِيد;تَوْكِيد
طَعْم,65,ذَوْق;تَذَوُّق
تَقْدِير,15,ذَوْق;تَذَوُّق
تَمْيِيز,50,ذَوْق;تَذَوُّق
حَصَافَة,"2,5",ذَوْق;تَذَوُّق
إِدْرَاك,"42,5",ذَوْق;تَذَوُّق
حَاسَّة الذَّوْق,95,ذَوْق;تَذَوُّق
تَدْمِير,100,دَمَار;تدْمِير
هَدْم,95,دَمَار;تدْمِير
تَرْكِيبَة,30,تألِيف مُوسِيقي;تَلْحين
بُنْيَة,"12,5",تألِيف مُوسِيقي;تَلْحين
تَشْكِيلَة,"47,5",تألِيف مُوسِيقي;تَلْحين
تَكْوِين,"37,5",تألِيف مُوسِيقي;تَلْحين
عُلُوم سِيَاسِية,85,عَلاَقَة سِيَاسِيَّة;سِيَاسَة
عِلْم السِّيَاسة,85,عَلاَقَة سِيَاسِيَّة;سِيَاسَة
غِطَاء,"87,5",سِتَار;سِتَارَة
حِجَاب,"77,5",سِتَار;سِتَارَة
سِتْر,65,سِتَار;سِتَارَة
تَتَابُع,90,سِلْسِلَة;تَسَلْسُل
تَتَال,85,سِلْسِلَة;تَسَلْسُل
تَعَاقُب,"82,5",سِلْسِلَة;تَسَلْسُل
تَرْتِيب,70,سِلْسِلَة;تَسَلْسُل
نَسَق,70,سِلْسِلَة;تَسَلْسُل
تَتَالِي,"92,5",سِلْسِلَة;تَسَلْسُل
تَسْجِيل فُونُوغرَافِي,"57,5",قَيْد;سِجِلّ;تَسْجِيل
قُرْص,60,قَيْد;سِجِلّ;تَسْجِيل
أسْطُوَانَة فُونُوغرَافِيَّة,"57,5",قَيْد;سِجِلّ;تَسْجِيل
مُدَوَّنَة,75,قَيْد;سِجِلّ;تَسْجِيل
دَفْتَر,75,قَيْد;سِجِلّ;تَسْجِيل
تَسْجيل,"97,5",قَيْد;سِجِلّ;تَسْجِيل
دُخُول,10,قَيْد;سِجِلّ;تَسْجِيل
سَيف مُبارَزَة,"87,5",سَيْف
سَيف قَاطِع,"72,5",سَيْف
سَيف ضالِع,"67,5",سَيْف
بَلَاط,40,عَرْش;قَصْر;سَرَايَة
صَرْح,50,عَرْش;قَصْر;سَرَايَة
إِيوان,40,عَرْش;قَصْر;سَرَايَة
وَطَن,"52,5",سَكَن
مَسْكَن,90,سَكَن
مَرْكَز,"22,5",سَكَن
مَقَرّ,"27,5",سَكَن
مَقَام,"37,5",سَكَن
مَنْزِل,95,سَكَن
بَيْت,95,سَكَن
حِلَّة,60,سَكَن
مَحَلّ إقَامَة,85,سَكَن
وَقْت,"52,5",سَاعَة
تَوْقِيت,"37,5",سَاعَة
نِمْرَة مَسْرَحِيَّة,"7,5",نَمَط;رُوتِين
كَلام مُعَاد,30,نَمَط;رُوتِين
فَصْل,"12,5",نَمَط;رُوتِين
طَرِيقَة,"62,5",نَمَط;رُوتِين
رُوح,100,نَفْس;رُوْح
مَخْلُوق,"27,5",نَفْس;رُوْح
فَرْد,"22,5",نَفْس;رُوْح
أَحَد ما,20,نَفْس;رُوْح
إِنْسَان,"22,5",نَفْس;رُوْح
شَخْص مَا,20,نَفْس;رُوْح
شَخْص,"22,5",نَفْس;رُوْح
رُمْح,100,رمْح
حَرْبَة,80,رمْح
رَبْطَة,75,طَرْد;رِزْمَة
حُزْمَة,85,طَرْد;رِزْمَة
حِزْمَة,"77,5",طَرْد;رِزْمَة
تَساهُل,70,شَفَقَة;رَأْفَة;رَحْمَة
رأَفَة,100,شَفَقَة;رَأْفَة;رَحْمَة
عَطْف,"92,5",شَفَقَة;رَأْفَة;رَحْمَة
إِشْفَاق,85,شَفَقَة;رَأْفَة;رَحْمَة
رِفْق,"92,5",شَفَقَة;رَأْفَة;رَحْمَة
لُطْف,"77,5",شَفَقَة;رَأْفَة;رَحْمَة
لِين,80,شَفَقَة;رَأْفَة;رَحْمَة
تَسَامُح,"77,5",شَفَقَة;رَأْفَة;رَحْمَة
تَسَاهُل,35,شَفَقَة;رَأْفَة;رَحْمَة
لِيْن,80,شَفَقَة;رَأْفَة;رَحْمَة
مَجْمُوعَة,"62,5",حَشْد;جَمْع غَفِير;قُوَّة
طَاقَم,60,حَشْد;جَمْع غَفِير;قُوَّة
تَحَرُّك,50,حَشْد;جَمْع غَفِير;قُوَّة
نَشَاط,"47,5",حَشْد;جَمْع غَفِير;قُوَّة
تَسْجِيل فُونُوغرَافِي,20,قُرْص
تَسْجِيل,35,قُرْص
أسْطُوَانَة فُونُوغرَافِيَّة,60,قُرْص
قَالِب,0,مِثَال;قُدْوَة
قَالَب,0,مِثَال;قُدْوَة
نَمُوذَج,"57,5",مِثَال;قُدْوَة
مُحَاكَاة,30,مِثَال;قُدْوَة
مَثَل,40,مِثَال;قُدْوَة
مَعْرَكَة,85,قِتَال;قِتَال مُسَلَّح
عِرَاك,"67,5",قِتَال;قِتَال مُسَلَّح
شِجَار,55,قِتَال;قِتَال مُسَلَّح
مَوْقَعَة,55,قِتَال;قِتَال مُسَلَّح
صِرَاع,85,قِتَال;قِتَال مُسَلَّح
اِشْتِبَاك,"82,5",قِتَال;قِتَال مُسَلَّح
سَهْم,"7,5",شُعْبَة;فِئَة;قِسْم
نَصِيب,10,شُعْبَة;فِئَة;قِسْم
قِسْمَة,"12,5",شُعْبَة;فِئَة;قِسْم
حِصَّة,20,شُعْبَة;فِئَة;قِسْم
جُزْء,"77,5",شُعْبَة;فِئَة;قِسْم
تَقْسِيم,"42,5",شُعْبَة;فِئَة;قِسْم
فَصْل,40,شُعْبَة;فِئَة;قِسْم
مَقْطَع,"17,5",شُعْبَة;فِئَة;قِسْم
جِزْء,"77,5",شُعْبَة;فِئَة;قِسْم
نُقْطَة,"17,5",ذُرْوَة;قِمَّة;رَأْس
طَرَف مُسْتَدِقّ,15,ذُرْوَة;قِمَّة;رَأْس
رَأس,"92,5",ذُرْوَة;قِمَّة;رَأْس
أَوْج,80,ذُرْوَة;قِمَّة;رَأْس
مُؤْتَمَر قِمَّة,"2,5",ذُرْوَة;قِمَّة;رَأْس
رَأس,"22,5",مُؤْتَمَر قِمَّة;قِمَّة
أَوْج,"7,5",مُؤْتَمَر قِمَّة;قِمَّة
ذُرْوَة,10,مُؤْتَمَر قِمَّة;قِمَّة
رَأْس,"22,5",مُؤْتَمَر قِمَّة;قِمَّة
مَقْطُوعَة,"37,5",شَرِيحَة;قِطْعَة
جُزء,"72,5",شَرِيحَة;قِطْعَة
شَطْر,75,شَرِيحَة;قِطْعَة
قِسْمَ,"72,5",شَرِيحَة;قِطْعَة
مَنْطِقَة,"7,5",شَرِيحَة;قِطْعَة
جُزْء,"72,5",شَرِيحَة;قِطْعَة
طَرَف,"22,5",شَرِيحَة;قِطْعَة
قِطْعَة مُوسِيقِيَّة,"2,5",شَرِيحَة;قِطْعَة
مَقْطُوعَة مُوسِيقِيَّة,"2,5",شَرِيحَة;قِطْعَة
حِصَّة,"47,5",شَرِيحَة;قِطْعَة
حُكْم,"87,5",قَرَار
عَزْم,35,قَرَار
مَرْسُوم,40,قَرَار
أَمْر,"22,5",قَرَار
حُكْم قَضَائِي,"67,5",قَرَار
عَلاقَة,80,قَرَابَة
صِلَة,80,قَرَابَة
اِرْتِبَاط,55,قَرَابَة
أُلْفَة,20,قَرَابَة
رِجْل,90,قَدَم;قَدَم الحَيَوَان
تَبَنِّي,"7,5",مُوَافَقَة;قَبُول;رِضَى
تَبَنِّ,"7,5",مُوَافَقَة;قَبُول;رِضَى
إقْرَار,30,مُوَافَقَة;قَبُول;رِضَى
قُبُول,"97,5",مُوَافَقَة;قَبُول;رِضَى
اِسْتِحْسَان,65,مُوَافَقَة;قَبُول;رِضَى
تَقَبُّل,"87,5",مُوَافَقَة;قَبُول;رِضَى
تَصْدِيق,15,مُوَافَقَة;قَبُول;رِضَى
مُبَارَكَة,5,مُوَافَقَة;قَبُول;رِضَى
قَبْض,"42,5",مَسْكَة;مِقْبَض;قَبْضَة
مَسْك,"22,5",مَسْكَة;مِقْبَض;قَبْضَة
كَمْش,20,مَسْكَة;مِقْبَض;قَبْضَة
إِمْسَاك,20,مَسْكَة;مِقْبَض;قَبْضَة
قَرَاَبَة,"37,5",عَشِيرَة;قَبِيلَة
نَسَب,45,عَشِيرَة;قَبِيلَة
أقْرِبَاء,"47,5",عَشِيرَة;قَبِيلَة
حَالَة,75,قَضِيَّة
دَعْوَى قَضَائِيَّة,"82,5",قَضِيَّة
دَعْوَى,50,قَضِيَّة
اِدِّعَاء,"47,5",قَضِيَّة
شَكْوَى,35,قَضِيَّة
مَسْأَلَة,85,قَضِيَّة
مُشْكِلَة,75,قَضِيَّة
مَسْألَة,85,قَضِيَّة
خِنْزِير غِينِيّ,0,قَضِيَّة
مَوْضُوع الْبَحْث,35,قَضِيَّة
نَمُوذَج,"7,5",قَضِيَّة
مِثال,"2,5",قَضِيَّة
مَثَل,0,قَضِيَّة
أُمْثُوْلَة,0,قَضِيَّة
شَاهِد,"2,5",قَضِيَّة
حَال,"12,5",قَضِيَّة
إِجْرَاء,"37,5",قَانُون;تَشْرِيع
عَمَل,20,قَانُون;تَشْرِيع
بُنْيَة تَحْتِيَّة,70,قَاعِدَة
رُكْن أَسَاسِيّ,75,قَاعِدَة
مَبْنَى,30,قَاعِدَة
مَبْدَأ,"12,5",قَاعِدَة
جِذْر,25,قَاعِدَة
جَذْر,20,قَاعِدَة
حَجَر الزَاوِيَة,5,قَاعِدَة
أَسَاس,85,قَاعِدَة
أَصْل,25,قَاعِدَة
تَعْلِيمَة,"2,5",قَاعِدَة
نِظام,"7,5",قَاعِدَة
أََسَاس,85,قَاعِدَة
بِنَاء تَحْتِي,65,قَاعِدَة
مَال,100,عُمْلَة;نَقْد;نُقُود
رَأْس,"7,5",فَتْرَة زَمَنِيَّة;نُقْطَة;نُقْطَة زَمَنِيَّة
طَرَف مُسْتَدِقّ,"2,5",فَتْرَة زَمَنِيَّة;نُقْطَة;نُقْطَة زَمَنِيَّة
نُقْطَة البُوصِلَة,"17,5",فَتْرَة زَمَنِيَّة;نُقْطَة;نُقْطَة زَمَنِيَّة
مَادَّة,"2,5",فَتْرَة زَمَنِيَّة;نُقْطَة;نُقْطَة زَمَنِيَّة
بَنْد,"2,5",فَتْرَة زَمَنِيَّة;نُقْطَة;نُقْطَة زَمَنِيَّة
رُتْبَة,5,فَتْرَة زَمَنِيَّة;نُقْطَة;نُقْطَة زَمَنِيَّة
مُسْتَوَى,"7,5",فَتْرَة زَمَنِيَّة;نُقْطَة;نُقْطَة زَمَنِيَّة
مَرْتَبَة,"2,5",فَتْرَة زَمَنِيَّة;نُقْطَة;نُقْطَة زَمَنِيَّة
مَرْحَلَة,"87,5",فَتْرَة زَمَنِيَّة;نُقْطَة;نُقْطَة زَمَنِيَّة
دَرَجَة,"17,5",فَتْرَة زَمَنِيَّة;نُقْطَة;نُقْطَة زَمَنِيَّة
جُزُء,15,فَتْرَة زَمَنِيَّة;نُقْطَة;نُقْطَة زَمَنِيَّة
فَتْرَة,"92,5",فَتْرَة زَمَنِيَّة;نُقْطَة;نُقْطَة زَمَنِيَّة
رَأْس,20,نُقْطَة;نُقْطَة البُوصِلَة
طَرَف مُسْتَدِقّ,15,نُقْطَة;نُقْطَة البُوصِلَة
نُقْطَة زَمَنِيَّة,0,نُقْطَة;نُقْطَة البُوصِلَة
فَتْرَة زَمَنِيَّة,"2,5",نُقْطَة;نُقْطَة البُوصِلَة
مَادَّة,0,نُقْطَة;نُقْطَة البُوصِلَة
بَنْد,0,نُقْطَة;نُقْطَة البُوصِلَة
رُتْبَة,0,نُقْطَة;نُقْطَة البُوصِلَة
مُسْتَوَى,"12,5",نُقْطَة;نُقْطَة البُوصِلَة
مَرْتَبَة,"2,5",نُقْطَة;نُقْطَة البُوصِلَة
مَرْحَلَة,5,نُقْطَة;نُقْطَة البُوصِلَة
دَرَجَة,5,نُقْطَة;نُقْطَة البُوصِلَة
جُزُء,5,نُقْطَة;نُقْطَة البُوصِلَة
خِلاف,"97,5",صِرَاع;نِزَاع;خِلاَف
مَعْرَكَة,70,صِرَاع;نِزَاع;خِلاَف
خِصَام,85,صِرَاع;نِزَاع;خِلاَف
جِدَال,"87,5",صِرَاع;نِزَاع;خِلاَف
قِتَال,"72,5",صِرَاع;نِزَاع;خِلاَف
مَوْقَعَة,"42,5",صِرَاع;نِزَاع;خِلاَف
اِشْتِبَاك,55,صِرَاع;نِزَاع;خِلاَف
جَدَل,"77,5",صِرَاع;نِزَاع;خِلاَف
حَرْب,50,صِرَاع;نِزَاع;خِلاَف
حَدّ,70,نِهَايَة
خُطَّة,30,مَنْظُومَة;نِظَام
بَرْنَامَج,"52,5",مَنْظُومَة;نِظَام
تَنْظِيم,"72,5",مَنْظُومَة;نِظَام
تَرْتِيب,45,مَنْظُومَة;نِظَام
حَنْي,"12,5",مَيْل;نَزْعَة
اِنْحِنَاءَة,25,مَيْل;نَزْعَة
مِزَاج,10,مَيْل;نَزْعَة
طَبْع,15,مَيْل;نَزْعَة
اِسْتِعْدَاد,10,مَيْل;نَزْعَة
نُعَاس,"42,5",هُجُوْع;نَوْم;رُقُود
مَنَام,"17,5",هُجُوْع;نَوْم;رُقُود
تَقْلِيل,"77,5",نَقْص;خَفْض
رُكُود,"62,5",نَقْص;خَفْض
نُزُول,"77,5",نَقْص;خَفْض
تَدَنِّي,90,نَقْص;خَفْض
هُبُوط,85,نَقْص;خَفْض
اِنْخِفَاض,95,نَقْص;خَفْض
تَخْفِيف,75,نَقْص;خَفْض
تَقْلِيْل,75,نَقْص;خَفْض
تَنْقِيْص,80,نَقْص;خَفْض
زِينَة,"7,5",نَمُوذَج
زَخْرَفَة,10,نَمُوذَج
رَسْم,"67,5",نَمُوذَج
شَكْل,"37,5",نَمُوذَج
صُورَة,"52,5",نَمُوذَج
نَمَط,"82,5",نَمُوذَج
غِرَار,20,نَمُوذَج
عَادَة,"7,5",نَمُوذَج
أُسْلُوب,20,نَمُوذَج
تَصَوُّر,"42,5",نَمُوذَج
مُحَاكَاة,20,نَمُوذَج
تَقْلِيد,15,نَمُوذَج
قَاعِدَة,"2,5",نَمُوذَج
قَطْع,"7,5",نَحْت;نَقْش
فَنّ النَحْت,"87,5",نَحْت;نَقْش
نِتَاج,75,مَنْتُوج نِهَائِي;نَاتِج
مُنْتَج,"87,5",مَنْتُوج نِهَائِي;نَاتِج
مَنْتُوج,"92,5",مَنْتُوج نِهَائِي;نَاتِج
مَرْدُود,30,مَنْتُوج نِهَائِي;نَاتِج
مَحْصُول,45,مَنْتُوج نِهَائِي;نَاتِج
خِطَّة,"77,5",مُخَطَّط
اِسْترَاتِيجِيَّة,"82,5",مُخَطَّط
تَرْتِيب,30,مُخَطَّط
خُطَّة,90,مُخَطَّط
تَسْلِيَة,40,مُتْعَة;تَشْوِيق
لَهْو,10,مُتْعَة;تَشْوِيق
سَلْوَى,"12,5",مُتْعَة;تَشْوِيق
اِهْتِمَام,55,مُتْعَة;تَشْوِيق
تَرْفِيه,"17,5",مُتْعَة;تَشْوِيق
أُلْهُوَّة,"12,5",مُتْعَة;تَشْوِيق
مَرَح,30,مُتْعَة;تَشْوِيق
اِسْتِمْتَاع,"52,5",مُتْعَة;تَشْوِيق
مُتَعَهِّد,20,مُرَوِّج
مُدِير عَرْض,"52,5",مُرَوِّج
مُوَاجَهَة,"72,5",مُعَارَضَة;مُقَاوَمَة
مُجَابَهَة,"62,5",مُعَارَضَة;مُقَاوَمَة
صُمُود,35,مُعَارَضَة;مُقَاوَمَة
تَوَقُّف,"2,5",مُعَارَضَة;مُقَاوَمَة
سَنَدَات مَالِيَّة,40,مِلْكِيَّة;مُلْك;مُمْتَلَكَات
مَتَاْع,65,مِلْكِيَّة;مُلْك;مُمْتَلَكَات
أَرْصِدَة,50,مِلْكِيَّة;مُلْك;مُمْتَلَكَات
قِطْعَة أرْض,"32,5",مِلْكِيَّة;مُلْك;مُمْتَلَكَات
عَقَار,60,مِلْكِيَّة;مُلْك;مُمْتَلَكَات
أرْض,30,مِلْكِيَّة;مُلْك;مُمْتَلَكَات
مِلْك,85,مِلْكِيَّة;مُلْك;مُمْتَلَكَات
أمْلاك,95,مِلْكِيَّة;مُلْك;مُمْتَلَكَات
أَرْض,30,مِلْكِيَّة;مُلْك;مُمْتَلَكَات
أمَد,"52,5",دَوَام;مُدَّة
أَمَد,55,دَوَام;مُدَّة
اِسْتِمْرَار,"72,5",دَوَام;مُدَّة
بَقَاء,30,دَوَام;مُدَّة
دَيْمُومَة,65,دَوَام;مُدَّة
اِسْتِمْرَارِيَّة,"72,5",دَوَام;مُدَّة
مُدِير تَنْفِيدي,70,صَانِع قَرَار;مُدِير
تَجْرُبَة,50,ضَرْبَة;مُحَاوَلَة
فُرْصَة,35,ضَرْبَة;مُحَاوَلَة
رَمْيَة,"57,5",ضَرْبَة;مُحَاوَلَة
قَذْفَة,"12,5",ضَرْبَة;مُحَاوَلَة
تَجْرِبَة,50,ضَرْبَة;مُحَاوَلَة
ضرْبَة,"92,5",ضَرْبَة;مُحَاوَلَة
تِجَارَة,"27,5",مُعَامَلَة;تَعَامُل
حَرَكَة,"12,5",مُعَامَلَة;تَعَامُل
اِتِّجار,15,مُعَامَلَة;تَعَامُل
تَعَامُلات,"82,5",مُعَامَلَة;تَعَامُل
دَواء,"47,5",عِلاج;مُعَالَجَة;مُدَاوَاة
نِقَاش,"2,5",عِلاج;مُعَالَجَة;مُدَاوَاة
مُنَاقَشَة,0,عِلاج;مُعَالَجَة;مُدَاوَاة
تَدْبِير,5,عِلاج;مُعَالَجَة;مُدَاوَاة
مُعَامَلَة,20,عِلاج;مُعَالَجَة;مُدَاوَاة
تَكْوِين,15,مُؤَسَّسَة;مُنْشَأة
تَوْطِيد,5,مُؤَسَّسَة;مُنْشَأة
تَنْظِيم,20,مُؤَسَّسَة;مُنْشَأة
خَلْق,0,مُؤَسَّسَة;مُنْشَأة
تَجْدِيد,0,مُؤَسَّسَة;مُنْشَأة
تأسِيس,30,مُؤَسَّسَة;مُنْشَأة
إِيجَاد,20,مُؤَسَّسَة;مُنْشَأة
إِقَامَة,"22,5",مُؤَسَّسَة;مُنْشَأة
إحداث,5,مُؤَسَّسَة;مُنْشَأة
تَأْسِيس,"27,5",مُؤَسَّسَة;مُنْشَأة
تَألِيف,"7,5",مُؤَسَّسَة;مُنْشَأة
تَشْكِيل,"12,5",مُؤَسَّسَة;مُنْشَأة
مؤَسَّسَة,"97,5",مُؤَسَّسَة;مُنْشَأة
جَمْعِيَّة,60,مُؤَسَّسَة;مُنْشَأة
مِسَاحَة,"12,5",جِهَة;مِنْطَقَة
مَجَال,0,جِهَة;مِنْطَقَة
إقْلِيم,0,جِهَة;مِنْطَقَة
نَحْو,5,جِهَة;مِنْطَقَة
إِقْلِيم,0,جِهَة;مِنْطَقَة
رُقْعَة,"7,5",جِهَة;مِنْطَقَة
بِلاد,0,جِهَة;مِنْطَقَة
مَيْدَان مَعْرِفَة,"2,5",جِهَة;مِنْطَقَة
حَقْل,"7,5",جِهَة;مِنْطَقَة
نِطَاق,"32,5",جِهَة;مِنْطَقَة
حَدّ,"12,5",جِهَة;مِنْطَقَة
إِطَار,"12,5",جِهَة;مِنْطَقَة
نَاحِيَة,75,جِهَة;مِنْطَقَة
خَلْط,"47,5",مَزِيج;خَلِيط
تَخْلِيط,50,مَزِيج;خَلِيط
مَزْج,45,مَزِيج;خَلِيط
اِمْتِزاج,55,مَزِيج;خَلِيط
وِقْفَة,"12,5",مَوْقِف;مَوْقِف ذِهْنِيّ
وَقْفَة,20,مَوْقِف;مَوْقِف ذِهْنِيّ
وَضْعِيَّة,"2,5",مَوْقِف;مَوْقِف ذِهْنِيّ
وَضْع,"7,5",مَوْقِف;مَوْقِف ذِهْنِيّ
مَرْكَز,85,مَوْقِع;مَوْقِع عَسْكَرِيّ
وَظِيفَة,5,مَوْقِع;مَوْقِع عَسْكَرِيّ
مَنْصِب,5,مَوْقِع;مَوْقِع عَسْكَرِيّ
سَاحَة,"32,5",مَوْقِع;مَوْقِع عَسْكَرِيّ
مَكَان,60,مَوْقِع;مَوْقِع عَسْكَرِيّ
بُقْعَة,"57,5",مَوْقِع;مَوْقِع عَسْكَرِيّ
مَوْضِع,60,مَوْقِع;مَوْقِع عَسْكَرِيّ
عَلاقَة مَكَانِيَّة,"12,5",مَوْقِع;مَوْقِع عَسْكَرِيّ
مَكَانَة,"2,5",مَوْقِع;مَوْقِع عَسْكَرِيّ
بَدَلاً مِن,0,مَوْقِع;مَوْقِع عَسْكَرِيّ
مَسْألَة,"77,5",مَوْضُوع
مَوْضُوع البَحْث,35,مَوْضُوع
فَرْع,30,مَوْضُوع
مَادَّة,25,مَوْضُوع
رِسَالَة,15,مَوْضُوع
مُحْتَوَى,"32,5",مَوْضُوع
مَفَاد,"17,5",مَوْضُوع
مَضْمُون,"42,5",مَوْضُوع
فَتْرَة,"47,5",شَوْط;مَرْحَلَة
رُتْبَة,20,شَوْط;مَرْحَلَة
نُقْطَة,30,شَوْط;مَرْحَلَة
مُسْتَوَى,75,شَوْط;مَرْحَلَة
مَرْتَبَة,30,شَوْط;مَرْحَلَة
دَرَجَة,"37,5",شَوْط;مَرْحَلَة
قِطَاع,"7,5",مَقْطَع;قِسْم
جُزْء,"92,5",مَقْطَع;قِسْم
سَهْم,15,مَقْطَع;قِسْم
نَصِيب,"2,5",مَقْطَع;قِسْم
حِصَّة,"27,5",مَقْطَع;قِسْم
فِئَة,20,مَقْطَع;قِسْم
شُعْبَة,"17,5",مَقْطَع;قِسْم
تَقْسِيم,"22,5",مَقْطَع;قِسْم
فَصْل,"7,5",مَقْطَع;قِسْم
جِزْء,80,مَقْطَع;قِسْم
سَاحَة,15,مَكَان;مَقْعَد
رَدْف,"7,5",مَكَان;مَقْعَد
قَفَا,"2,5",مَكَان;مَقْعَد
مُؤَخَرَة,"2,5",مَكَان;مَقْعَد
كَفَل,0,مَكَان;مَقْعَد
طَرَف,"2,5",مَكَان;مَقْعَد
عَجْز,0,مَكَان;مَقْعَد
كُرْسِي,95,مَكَان;مَقْعَد
مَوْقِع,"72,5",مَكَان;مَقْعَد
مَوْضِع,70,مَكَان;مَقْعَد
مَرْكَز,"17,5",مَكَان;مَقْعَد
وَضْع,5,مَكَان;مَقْعَد
مِسَاحَة,15,مَكَان;مَقْعَد
مَجَال,15,مَكَان;مَقْعَد
نُقْطَة طُوبُوغْرَافِيَّة,"2,5",مَكَان;مَقْعَد
بُقْعَة,45,مَكَان;مَقْعَد
بَيْت,"17,5",مَكَان;مَقْعَد
مَيْدَان,"7,5",مَكَان;مَقْعَد
مَكَانَة,"2,5",مَكَان;مَقْعَد
بَدَلاً مِن,0,مَكَان;مَقْعَد
مَشْهَد,0,مَكَان;مَقْعَد
مَكَان فَارِغ,25,مَكَان;مَقْعَد
فَرَاغ,"12,5",مَكَان;مَقْعَد
حَيِّز,"47,5",مَكَان;مَقْعَد
وَظِيفَة,"2,5",مَكَان;مَقْعَد
مَنْصِب,"2,5",مَكَان;مَقْعَد
إِقْلِيْم,75,مَنْطِقَة;مَنْطِقَة جُغْرَافِيَّة
قُوَّة,40,مَنْصَب;مَرْكَز
بَيْت,"2,5",مَنْصَب;مَرْكَز
مَوْقِع,75,مَنْصَب;مَرْكَز
مَوْضِع,"42,5",مَنْصَب;مَرْكَز
عَلاقَة مَكَانِيَّة,5,مَنْصَب;مَرْكَز
وَظِيفَة,50,مَنْصَب;مَرْكَز
مَنْصِب,"97,5",مَنْصَب;مَرْكَز
مَكَانَة,75,مَنْصَب;مَرْكَز
مَكَان,25,مَنْصَب;مَرْكَز
بَدَلاً مِن,0,مَنْصَب;مَرْكَز
مُنَاسَبَة,"97,5",فُرْصَة;مَنَاسَبَة
مُنَاسَبَة إجْتِمَاعِيَّة,65,فُرْصَة;مَنَاسَبَة
وَكَالَة,"32,5",مَكْتَب;مُوَظَفِين
هَيْئَة حُكُومِيَّة,"22,5",مَكْتَب;مُوَظَفِين
نِتَاج,5,عَمَل;مَكَان عَمَل
مُؤَلَّف,"2,5",عَمَل;مَكَان عَمَل
أَعْمَال,40,عَمَل;مَكَان عَمَل
إِنْتَاج,5,عَمَل;مَكَان عَمَل
وَظِيفَة,"92,5",عَمَل;مَكَان عَمَل
شُغْل,"87,5",عَمَل;مَكَان عَمَل
نَفْع,0,عَمَل;مَكَان عَمَل
مَهَمَّة,25,عَمَل;مَكَان عَمَل
فَائِدَة,0,عَمَل;مَكَان عَمَل
دَوْر,0,عَمَل;مَكَان عَمَل
اِسْتِعْمَال,"2,5",عَمَل;مَكَان عَمَل
تِجَارَة,15,عَمَل;مَكَان عَمَل
مِهْنَة,85,عَمَل;مَكَان عَمَل
حِرْفَة,"52,5",عَمَل;مَكَان عَمَل
وَاجِب,15,عَمَل;مَكَان عَمَل
تَعَهُّد,0,عَمَل;مَكَان عَمَل
مَشْرُوع,"42,5",عَمَل;مَكَان عَمَل
تَجَمُّع,"27,5",مَجْمُوعَة;تَشْكِيلَة
جَمْع,10,مَجْمُوعَة;تَشْكِيلَة
تَخْزِين,10,مَجْمُوعَة;تَشْكِيلَة
تَرَاكُم,10,مَجْمُوعَة;تَشْكِيلَة
تَكْدِيس,5,مَجْمُوعَة;تَشْكِيلَة
تَجْمِيع,"22,5",مَجْمُوعَة;تَشْكِيلَة
تَجْمِيْع,"27,5",مَجْمُوعَة;تَشْكِيلَة
مَجْمُوْعَة,100,مَجْمُوعَة;تَشْكِيلَة
شَمْل,"7,5",مَجْمُوعَة;تَشْكِيلَة
حَشْر,5,مَجْمُوعَة;تَشْكِيلَة
حَشْد,15,مَجْمُوعَة;تَشْكِيلَة
إِجْتِمَاع,5,مَجْمُوعَة;تَشْكِيلَة
زُمْرَة,"2,5",مَجْمُوعَة;تَشْكِيلَة
مَجْمُوع,"12,5",مَجْمُوعَة;تَشْكِيلَة
جَمَاعَة,"7,5",مَجْمُوعَة;تَشْكِيلَة
تَرْكِيبَة,"22,5",مَجْمُوعَة;تَشْكِيلَة
بَدَن,5,هَيْئَة;جِهاز;مَجْلِس
حَقْل,50,مَجَال
مَيْدَان,"77,5",مَجَال
نِطَاق,70,مَجَال
إِطَار,"57,5",مَجَال
مِسَاحَة,"22,5",مَجَال
مَكَان,20,مَجَال
سَاحَة,0,مَجَال
نِطَاق رَمْي,"7,5",مَجَال
مَيْدَان رَمْي,"7,5",مَجَال
مَيْدَان العَمَلِيَّات,5,مَجَال
مَسْرَح العَمَلِيَّات,0,مَجَال
مَسْرَح,"12,5",مَجَال
مَسْأَلَة العَمَلِيَّات,0,مَجَال
مَيْدَان المَعْرَكَة,0,مَجَال
أَرْض المَعْرَكَة,0,مَجَال
مَلْعَب,"7,5",مَجَال
مَجَال رَمْي,5,مَجَال
خَلْفِيَّة,"12,5",مَجَال
مَيْدَان مَعْرِفَة,40,مَجَال
سَهْل,"12,5",مَجَال
وَصْل,"37,5",مَفْصِل
رَبْط,45,مَفْصِل
اِتِّصَال,"42,5",مَفْصِل
سُكَّان المَدِينَة,25,مَدِينَة
مَدينَة,100,مَدِينَة
حَجْم,10,اِمْتِدَاد;مَدَى
مَسَاحَة,5,اِمْتِدَاد;مَدَى
مَدّ,50,اِمْتِدَاد;مَدَى
حَدّ,"17,5",اِمْتِدَاد;مَدَى
عَظَمَة,0,اِمْتِدَاد;مَدَى
سَبَب أَخْلاقِي,"37,5",اﻷَخْلاقِيَّة;الفَضِيلَة;مَبَادِئ أَخْلاقِيَّة
دَافِع أَخْلاقِي,65,اﻷَخْلاقِيَّة;الفَضِيلَة;مَبَادِئ أَخْلاقِيَّة
بَاعِث أَخْلاقِي,40,اﻷَخْلاقِيَّة;الفَضِيلَة;مَبَادِئ أَخْلاقِيَّة
حَافِز أَخْلاقِي,"62,5",اﻷَخْلاقِيَّة;الفَضِيلَة;مَبَادِئ أَخْلاقِيَّة
أَخْلاقِيَّات,95,اﻷَخْلاقِيَّة;الفَضِيلَة;مَبَادِئ أَخْلاقِيَّة
أََخْلاق,"92,5",اﻷَخْلاقِيَّة;الفَضِيلَة;مَبَادِئ أَخْلاقِيَّة
تَعْبِير,15,مَظْهَر;وَجْه
صُورَة,30,مَظْهَر;وَجْه
تَعْبِير الوَجْه,"7,5",مَظْهَر;وَجْه
جَانِب,95,مَظْهَر;وَجْه
إنْعِكَاس,25,مَظْهَر;وَجْه
مَنْظَر,15,مَظْهَر;وَجْه
هَيْئَة,15,مَظْهَر;وَجْه
شَخْصِيَّة مَظْهَرِيَّة,0,مَظْهَر;وَجْه
شَخْصِيَّة,"2,5",مَظْهَر;وَجْه
شَكْل,50,مَظْهَر;وَجْه
مَنْفَعَة,85,فَائِدَة;مَصْلَحَة
نَفْع,"57,5",فَائِدَة;مَصْلَحَة
مُسَاعَدَة,45,فَائِدَة;مَصْلَحَة
عَوْن,"47,5",فَائِدَة;مَصْلَحَة
اِسْتِفادَة,"67,5",فَائِدَة;مَصْلَحَة
إعَانَة مَالِيَّة,"27,5",فَائِدَة;مَصْلَحَة
جَدْوَى,25,فَائِدَة;مَصْلَحَة
إِفَادَة,75,فَائِدَة;مَصْلَحَة
وَظِيفَة,10,فَائِدَة;مَصْلَحَة
خِدْمَة,40,فَائِدَة;مَصْلَحَة
رِبَا,15,فَائِدَة;مَصْلَحَة
سَهْم,0,فَائِدَة;مَصْلَحَة
حِصَّة,0,فَائِدَة;مَصْلَحَة
نُقْطَة مَرْجِعِيَّة,55,مَصْدَر;مَرْجِع
عَلامَة,15,مَصْدَر;مَرْجِع
إِشَارَة,"17,5",مَصْدَر;مَرْجِع
كِتاب حَقَائِق,"27,5",مَصْدَر;مَرْجِع
كِتاب مَرْجِعِيّ,"72,5",مَصْدَر;مَرْجِع
عَمَل مَرْجِعِيّ,35,مَصْدَر;مَرْجِع
يَنْبُوع,"2,5",مَصْدَر;مَرْجِع
بِدَايَة,"12,5",مَصْدَر;مَرْجِع
مَنْشَأ,15,مَصْدَر;مَرْجِع
مَبْدَأ,5,مَصْدَر;مَرْجِع
جَذْر,"7,5",مَصْدَر;مَرْجِع
بَدْء,5,مَصْدَر;مَرْجِع
أَسَاس,"32,5",مَصْدَر;مَرْجِع
أَصْل,35,مَصْدَر;مَرْجِع
إِنْطِلاق,5,مَصْدَر;مَرْجِع
أصْل,35,مَصْدَر;مَرْجِع
اِسْتِشَارَة,"2,5",مَصْدَر;مَرْجِع
عَائِد,95,حَصَاد;غَلَّة;مَحْصُول
وَعْي,"92,5",دِرَايَة;فَهْم;مَعْرِفَة
عِلْم,"92,5",دِرَايَة;فَهْم;مَعْرِفَة
إِدْراك,"82,5",دِرَايَة;فَهْم;مَعْرِفَة
فِطْنَة,75,دِرَايَة;فَهْم;مَعْرِفَة
بَصِيرَة,55,دِرَايَة;فَهْم;مَعْرِفَة
إِدْرَاك,"82,5",دِرَايَة;فَهْم;مَعْرِفَة
رُشْد,"62,5",دِرَايَة;فَهْم;مَعْرِفَة
صَوَاب,35,دِرَايَة;فَهْم;مَعْرِفَة
عَقْل,10,دِرَايَة;فَهْم;مَعْرِفَة
رَفِيق,"87,5",صَدِيق;مَعْرِفَة
صَاحِب,"92,5",صَدِيق;مَعْرِفَة
قَلْعَة,90,حِصْن;مَعْقِل
مَوْقِع عَسْكَرِيّ,"67,5",حِصْن;مَعْقِل
حَامِية,65,حِصْن;مَعْقِل
تَجْرِبَة,20,مَشْرُوع
سَعْي,20,مَشْرُوع
مُحَاوَلَة,20,مَشْرُوع
مَسْعَى,40,مَشْرُوع
جُهْد,25,مَشْرُوع
عَمَل,"62,5",مَشْرُوع
سَاحَة,5,لَقْطَة;مَشْهَد
مَوْقِع,5,لَقْطَة;مَشْهَد
مَكَان,"7,5",لَقْطَة;مَشْهَد
مَنْظَر,50,لَقْطَة;مَشْهَد
صُورَة,50,لَقْطَة;مَشْهَد
كَلام,80,عَمَلِيَّة لُغَوِيَّة;لُغَة
مُخَاطَبَة,60,عَمَلِيَّة لُغَوِيَّة;لُغَة
مُحَادَثَة,55,عَمَلِيَّة لُغَوِيَّة;لُغَة
تَجْرِيم,"37,5",لَوْم;تَوْبِيخ
اِتِّهَام,"47,5",لَوْم;تَوْبِيخ
زَائِدَة,55,اِضَافَة;لاحِقَة;مُلْحَق
خُرُوج,"7,5",اِضَافَة;لاحِقَة;مُلْحَق
نُتُوء,"12,5",اِضَافَة;لاحِقَة;مُلْحَق
نُمُوّ,"7,5",اِضَافَة;لاحِقَة;مُلْحَق
نَاتِئ,15,اِضَافَة;لاحِقَة;مُلْحَق
لَاحِقَة,100,اِضَافَة;لاحِقَة;مُلْحَق
بُزُوغ,"12,5",اِضَافَة;لاحِقَة;مُلْحَق
ظُهُور,"12,5",اِضَافَة;لاحِقَة;مُلْحَق
إِنْبِثَاق,10,اِضَافَة;لاحِقَة;مُلْحَق
تَألِيف,60,كِتَابَة;تَحْرِير
مَادَّة مَكْتُوبَة,"42,5",كِتَابَة;تَحْرِير
عَمَل كِتَابِي,"47,5",كِتَابَة;تَحْرِير
تَفْصِيْل,70,جُزُء
جُزْء,100,جُزُء
نُقْطَة,85,جُزُء
رَأْس,10,جُزُء
طَرَف مُسْتَدِقّ,"12,5",جُزُء
نُقْطَة زَمَنِيَّة,"7,5",جُزُء
فَتْرَة زَمَنِيَّة,"7,5",جُزُء
نُقْطَة البُوصِلَة,5,جُزُء
مَادَّة,45,جُزُء
بَنْد,50,جُزُء
رُتْبَة,5,جُزُء
مُسْتَوَى,5,جُزُء
مَرْتَبَة,"2,5",جُزُء
مَرْحَلَة,5,جُزُء
دَرَجَة,"7,5",جُزُء
اِسْتِجَابَة,"72,5",إِجَابَة;جَوَاب;رَدّ
تَلْبِيَة,"57,5",إِجَابَة;جَوَاب;رَدّ
مَؤُونَة,65,جَرْد;مَخْزُون
إمْدَادَات,55,جَرْد;مَخْزُون
هُجُوم عَسْكَري,"17,5",جَرِيمَة;جِنَايَة
هُجُوم,30,جَرِيمَة;جِنَايَة
هَجْمَة,30,جَرِيمَة;جِنَايَة
خُشُونَة,10,جَرِيمَة;جِنَايَة
وَقَاحَة,10,جَرِيمَة;جِنَايَة
قِلَّة تَهذيب,"12,5",جَرِيمَة;جِنَايَة
قِلَّة أَدَب,10,جَرِيمَة;جِنَايَة
قِلَّة ذَوْق,10,جَرِيمَة;جِنَايَة
غِلْظَة,"2,5",جَرِيمَة;جِنَايَة
غِلْظ,"2,5",جَرِيمَة;جِنَايَة
فَجَاجَة,"7,5",جَرِيمَة;جِنَايَة
فَظَاظَة,"7,5",جَرِيمَة;جِنَايَة
صَفْحَة,"32,5",صَحِيفَة;جَرِيدَة
وَرَقَة,35,صَحِيفَة;جَرِيدَة
مَظْهَر,30,جَانِب;وَجْه
تَعْبِير,"2,5",جَانِب;وَجْه
تَعْبِير الوَجْه,10,جَانِب;وَجْه
شَخْصِيَّة,"2,5",جَانِب;وَجْه
هَزْم,75,هَزِيمَة;نَكْسَة
عِقَاب,"17,5",هَزِيمَة;نَكْسَة
ضَرْب,"22,5",هَزِيمَة;نَكْسَة
بَصَر,"12,5",رُؤيَة;تَخَيُّل;خَيَال
حَاسَّة البَصَر,10,رُؤيَة;تَخَيُّل;خَيَال
إبْصَار,"17,5",رُؤيَة;تَخَيُّل;خَيَال
تَصَوُّر,75,رُؤيَة;تَخَيُّل;خَيَال
تَصَوَّر ذِهْنِيّ,"62,5",رُؤيَة;تَخَيُّل;خَيَال
مُخَيِّلَة,75,رُؤيَة;تَخَيُّل;خَيَال
مَوْلِد,"62,5",وَضْع;وِلادَة
مَخَاض,"62,5",وَضْع;وِلادَة
اِنْجاب,"97,5",وَضْع;وِلادَة
مَنْظُور,"92,5",نَظْرَة;وِجْهَة نَظَر
وَثِيْقَة,100,مُسْتَنَد;وَثِيقَة مَكْتُوبَة;وَثِيقَة
وَرَقَة,"37,5",مُسْتَنَد;وَثِيقَة مَكْتُوبَة;وَثِيقَة
شَابّ,90,إِبْن;صَبِيّ;فَتَى;وَلَد
غُلام,"87,5",إِبْن;صَبِيّ;فَتَى;وَلَد
رَضِيع,35,إِبْن;صَبِيّ;فَتَى;وَلَد
طِفْل,"37,5",إِبْن;صَبِيّ;فَتَى;وَلَد
صَغِير,35,إِبْن;صَبِيّ;فَتَى;وَلَد
حَدَث,"27,5",إِبْن;صَبِيّ;فَتَى;وَلَد
نَجْل,65,إِبْن;صَبِيّ;فَتَى;وَلَد
إِعَادَة دَفْع,"42,5",دَفْع;رَدّ;سَداد;وَفاء
إِعَادَة مَال,80,دَفْع;رَدّ;سَداد;وَفاء
جَبْهَة القِتَال,"42,5",جَبْهَة;مُقَدِّمَة;وَاجِهَة
الخَطّ الأمَامِي,55,جَبْهَة;مُقَدِّمَة;وَاجِهَة
حَرَكَة إِجْتِمَاعِيَّة,10,جَبْهَة;مُقَدِّمَة;وَاجِهَة
حَرَكَة,"7,5",جَبْهَة;مُقَدِّمَة;وَاجِهَة
مُهِمَّة,"87,5",إِلْتِزَام;مَسْئُولِيَّة;وَاجِب
تَوَازُن,"72,5",اِسْتِقْرار;ثَبَات
رُسُوخ,"82,5",اِسْتِقْرار;ثَبَات
مَحارِب بالعِصابات,55,مُتَمَرِّد;ثَائِر
غوريللا,"2,5",مُتَمَرِّد;ثَائِر
داغِر,"37,5",مُتَمَرِّد;ثَائِر
تَئْبِيط هِمَّة,"92,5",إضْعَاف;إضْعَاف المَعْنَوِيَّات;تَثْبِيط;تَثْبِيط الهمة
تَئْبِيط,"92,5",إضْعَاف;إضْعَاف المَعْنَوِيَّات;تَثْبِيط;تَثْبِيط الهمة
تَحَات,"57,5",صَدَأ;تَعْرِيَة;تَآكُل
تأَكُل,100,صَدَأ;تَعْرِيَة;تَآكُل
حَتّ,"77,5",صَدَأ;تَعْرِيَة;تَآكُل
تَوْجِيه,100,إِرْشَاد;تَسْيير;تَوْجِيْه
تَسْيِير,100,إِرْشَاد;تَسْيير;تَوْجِيْه
تَعْلِيمَات,"87,5",إِرْشَاد;تَسْيير;تَوْجِيْه
أَمر,40,إِرْشَاد;تَسْيير;تَوْجِيْه
إِدَارَة,"32,5",إِرْشَاد;تَسْيير;تَوْجِيْه
تَوْجِيْه,"97,5",إِرْشَاد;أَمر;تَعْلِيمَات;تَوْجِيه
تَسْيير,75,إِرْشَاد;أَمر;تَعْلِيمَات;تَوْجِيه
تَسْيِير,75,إِرْشَاد;أَمر;تَعْلِيمَات;تَوْجِيه
تَوَجُّه,35,إِرْشَاد;أَمر;تَعْلِيمَات;تَوْجِيه
إِدَارَة,20,إِرْشَاد;أَمر;تَعْلِيمَات;تَوْجِيه
شَرْح,"97,5",إيضَاح;تَعْلِيل;تَفْسِير;تَوْضِيح
قَيْد,5,اِنْخِرَاط;دُخُول;تَسْجِيل
تَرْتِيْب,100,تََنظِيم;تَرْتِيب;تَسَلْسُل
نَسَق,80,تََنظِيم;تَرْتِيب;تَسَلْسُل
نِظَام,"72,5",تََنظِيم;تَرْتِيب;تَسَلْسُل
تَشْكِيلَة,20,تََنظِيم;تَرْتِيب;تَسَلْسُل
تَوْطِيد,10,تَنْظِيم;تَرْتِيب
تَكْوِين,"22,5",تَنْظِيم;تَرْتِيب
تَأْسِيس,"7,5",تَنْظِيم;تَرْتِيب
تَألِيف,"7,5",تَنْظِيم;تَرْتِيب
تَشْكِيل,20,تَنْظِيم;تَرْتِيب
مُنَظَّمَة,"7,5",تَنْظِيم;تَرْتِيب
رِئَاسَة,0,تَنْظِيم;تَرْتِيب
إدَارَة,5,تَنْظِيم;تَرْتِيب
وَضْع,"12,5",تَنْظِيم;تَرْتِيب
تَصْنِيف,"47,5",تَنْظِيم;تَرْتِيب
إتَّفَاق,"7,5",تَنْظِيم;تَرْتِيب
نِظَام,65,تَنْظِيم;تَرْتِيب
مُخَطَّط,40,تَنْظِيم;تَرْتِيب
خُطَّة,"32,5",تَنْظِيم;تَرْتِيب
تَشْكِيلَة,10,تَنْظِيم;تَرْتِيب
إِعْدَاد,"17,5",تَنْظِيم;تَرْتِيب
تَبْوِيب,35,تَنْظِيم;تَرْتِيب
فَرْز,"27,5",تَنْظِيم;تَرْتِيب
تَرْكِيبَة,90,عِبارَة;تَرْكِيب نَحْوِيّ;تَرْكِيب
بُنْيَة,70,عِبارَة;تَرْكِيب نَحْوِيّ;تَرْكِيب
قُوَّة دِفاع,70,حِمَايَة;دِفَاع;تَرْكِيب دِفَاعِي
دِفاع,"97,5",حِمَايَة;دِفَاع;تَرْكِيب دِفَاعِي
تَنَاسُق,55,تَمَاسُك;تَرَابُط
اِتِّسَاق,"47,5",تَمَاسُك;تَرَابُط
وَصْف إخْبَارِي,25,دِرَاسَة;تَقْرِير;تَقْرِير كِتَابِي
تَقْرِير إِخْبَارِي,55,دِرَاسَة;تَقْرِير;تَقْرِير كِتَابِي
قِصَّة إِخْبَاريَّة,"22,5",دِرَاسَة;تَقْرِير;تَقْرِير كِتَابِي
تَقْرِير شَفَوِي,20,دِرَاسَة;تَقْرِير;تَقْرِير كِتَابِي
رِوَايَة,15,دِرَاسَة;تَقْرِير;تَقْرِير كِتَابِي
تَارِ يخ,"17,5",دِرَاسَة;تَقْرِير;تَقْرِير كِتَابِي
قِصَّة,15,دِرَاسَة;تَقْرِير;تَقْرِير كِتَابِي
حِكايَة,"12,5",دِرَاسَة;تَقْرِير;تَقْرِير كِتَابِي
اِسْتِعْرَاض,"72,5",إِظْهَار;عَرْض;تَقْدِيم
إيضَاح,"47,5",إِظْهَار;عَرْض;تَقْدِيم
تَقْدِمَة,55,إِظْهَار;عَرْض;تَقْدِيم
تَذَبْذُب,70,تَحَوُّل;تَبَدُّل;تَغَيُّر;تَقَلُّب
اِخْتِلاف,35,تَحَوُّل;تَبَدُّل;تَغَيُّر;تَقَلُّب
تَمَوُّج,50,تَحَوُّل;تَبَدُّل;تَغَيُّر;تَقَلُّب
تَذّبْذُب,70,تَحَوُّل;تَبَدُّل;تَغَيُّر;تَقَلُّب
تأرْجُح,"37,5",تَحَوُّل;تَبَدُّل;تَغَيُّر;تَقَلُّب
تَحْوِيل,"52,5",تَحَوُّل;تَبَدُّل;تَغَيُّر;تَقَلُّب
تَبْدِيل,"52,5",تَحَوُّل;تَبَدُّل;تَغَيُّر;تَقَلُّب
نَقْل,30,تَحَوُّل;تَبَدُّل;تَغَيُّر;تَقَلُّب
عَكْس,15,تَحَوُّل;تَبَدُّل;تَغَيُّر;تَقَلُّب
تَغْيِير,90,تَحَوُّل;تَبَدُّل;تَغَيُّر;تَقَلُّب
تَمْوِيج,"67,5",مَوْجَة;مُنْحَنَى تَمَوُّجِي;مُنْحَنَى مُتَمَوِّج;تَمَوُّج
تَمَوُّج,100,مَوْجَة;مُنْحَنَى تَمَوُّجِي;مُنْحَنَى مُتَمَوِّج;تَمَوُّج
حَرَكَة مَوْجِيَّة,"72,5",مَوْجَة;مُنْحَنَى تَمَوُّجِي;مُنْحَنَى مُتَمَوِّج;تَمَوُّج
حَرْف مُُتَحَرِّك,5,مَوْجَة;مُنْحَنَى تَمَوُّجِي;مُنْحَنَى مُتَمَوِّج;تَمَوُّج
تَمَوُّج,100,حَرَكَة مَوْجِيَّة;مَوْجَة;تَمَوُّج;تَمْوِيج
مُنْحَنَى مُتَمَوِّج,"72,5",حَرَكَة مَوْجِيَّة;مَوْجَة;تَمَوُّج;تَمْوِيج
مُنْحَنَى تَمَوُّجِي,65,حَرَكَة مَوْجِيَّة;مَوْجَة;تَمَوُّج;تَمْوِيج
حَرْف مُُتَحَرِّك,"7,5",حَرَكَة مَوْجِيَّة;مَوْجَة;تَمَوُّج;تَمْوِيج
حَق التَّمَلُك,60,حِيَازَة;مِلْك;مِلْكِيَّة;تَمَلُّك
حَق المِلْكِيَّة,65,حِيَازَة;مِلْك;مِلْكِيَّة;تَمَلُّك
أمْلاك,"82,5",حِيَازَة;مِلْك;مِلْكِيَّة;تَمَلُّك
أَرْض,15,حِيَازَة;مِلْك;مِلْكِيَّة;تَمَلُّك
مُمْتَلِك,45,حِيَازَة;مِلْك;مِلْكِيَّة;تَمَلُّك
مِلْكِيَّة خَاصَّة,75,حِيَازَة;مِلْك;مِلْكِيَّة;تَمَلُّك
مَالِك,"32,5",حِيَازَة;مِلْك;مِلْكِيَّة;تَمَلُّك
صَاحِب مِلْك,"32,5",حِيَازَة;مِلْك;مِلْكِيَّة;تَمَلُّك
حَق إِمْتِلاك,65,حِيَازَة;مِلْك;مِلْكِيَّة;تَمَلُّك
مُلْك,90,حِيَازَة;مِلْك;مِلْكِيَّة;تَمَلُّك
فُو,"77,5",فَم;تَجْوِيف فَمَوِي
تَجَمُّع,"57,5",تَجْمِيْع;تَكْدِيْس;تَخْزِيْن
جَمْع,45,تَجْمِيْع;تَكْدِيْس;تَخْزِيْن
مَجْمُوعَة,"32,5",تَجْمِيْع;تَكْدِيْس;تَخْزِيْن
تَخْزِين,100,تَجْمِيْع;تَكْدِيْس;تَخْزِيْن
تَرَاكُم,85,تَجْمِيْع;تَكْدِيْس;تَخْزِيْن
تَكْدِيس,100,تَجْمِيْع;تَكْدِيْس;تَخْزِيْن
تَجْمِيع,100,تَجْمِيْع;تَكْدِيْس;تَخْزِيْن
مَجْمُوْعَة,"32,5",تَجْمِيْع;تَكْدِيْس;تَخْزِيْن
شَمْل,"22,5",تَجْمِيْع;تَكْدِيْس;تَخْزِيْن
حَشْر,"17,5",تَجْمِيْع;تَكْدِيْس;تَخْزِيْن
حَشْد,15,تَجْمِيْع;تَكْدِيْس;تَخْزِيْن
جُمُود,"52,5",إنْجِمَاد;تَجَمُّد;تَجْمِيد;تَثَلُّج
صَلابَة,35,إنْجِمَاد;تَجَمُّد;تَجْمِيد;تَثَلُّج
تَجْمِيْع,"37,5",حَشْد;تَجَمْهُر;تَجَمُّع
جَمْع,"67,5",حَشْد;تَجَمْهُر;تَجَمُّع
مَجْمُوعَة,"47,5",حَشْد;تَجَمْهُر;تَجَمُّع
حَشْر,25,حَشْد;تَجَمْهُر;تَجَمُّع
إِجْتِمَاع,15,حَشْد;تَجَمْهُر;تَجَمُّع
سُوقَة,15,حَشْد;تَجَمْهُر;تَجَمُّع
هَمَج,10,حَشْد;تَجَمْهُر;تَجَمُّع
غَوغاء,10,حَشْد;تَجَمْهُر;تَجَمُّع
تَخْزِين,5,حَشْد;تَجَمْهُر;تَجَمُّع
تَرَاكُم,"17,5",حَشْد;تَجَمْهُر;تَجَمُّع
تَكْدِيس,5,حَشْد;تَجَمْهُر;تَجَمُّع
تَجْمِيع,"27,5",حَشْد;تَجَمْهُر;تَجَمُّع
مَجْمُوْعَة,"47,5",حَشْد;تَجَمْهُر;تَجَمُّع
شَمْل,"17,5",حَشْد;تَجَمْهُر;تَجَمُّع
جَمَاْعَة,"47,5",حَشْد;تَجَمْهُر;تَجَمُّع
مَجِلِس,"12,5",حَشْد;تَجَمْهُر;تَجَمُّع
جَمْعِيَّة,10,حَشْد;تَجَمْهُر;تَجَمُّع
إجْتِمَاع,15,حَشْد;تَجَمْهُر;تَجَمُّع
مُلْتَقَى,"22,5",حَشْد;تَجَمْهُر;تَجَمُّع
اِحْتِشَاد,"87,5",حَشْد;تَجَمْهُر;تَجَمُّع
إِلْتِقَاء,"32,5",حَشْد;تَجَمْهُر;تَجَمُّع
تَغَيُّر,"82,5",إِبْطَال;إِلْغَاء;إِسْقَاط;عَكْس;تَغْيِير
تَحَوُّل,"67,5",إِبْطَال;إِلْغَاء;إِسْقَاط;عَكْس;تَغْيِير
تَغْيِير الإِتِّجاه,"42,5",إِبْطَال;إِلْغَاء;إِسْقَاط;عَكْس;تَغْيِير
قَلْب,55,إِبْطَال;إِلْغَاء;إِسْقَاط;عَكْس;تَغْيِير
اِنْقِلاب,"22,5",إِبْطَال;إِلْغَاء;إِسْقَاط;عَكْس;تَغْيِير
تَغْيِيْر كَامِل,70,إِبْطَال;إِلْغَاء;إِسْقَاط;عَكْس;تَغْيِير
تَغْيِيْر عَكْسِي,70,إِبْطَال;إِلْغَاء;إِسْقَاط;عَكْس;تَغْيِير
تَغْيِيْر السِيَاسَة,45,إِبْطَال;إِلْغَاء;إِسْقَاط;عَكْس;تَغْيِير
عُدُول عن,"67,5",إِبْطَال;إِلْغَاء;إِسْقَاط;عَكْس;تَغْيِير
إِسْتِدَارَة 180 دَرَجَة,35,إِبْطَال;إِلْغَاء;إِسْقَاط;عَكْس;تَغْيِير
تغيير,100,إِبْطَال;إِلْغَاء;إِسْقَاط;عَكْس;تَغْيِير
إرتداد,40,إِبْطَال;إِلْغَاء;إِسْقَاط;عَكْس;تَغْيِير
نَكْسَة,"22,5",إِبْطَال;إِلْغَاء;إِسْقَاط;عَكْس;تَغْيِير
كَدْمَة,0,إِبْطَال;إِلْغَاء;إِسْقَاط;عَكْس;تَغْيِير
اِنْعِكاس,35,إِبْطَال;إِلْغَاء;إِسْقَاط;عَكْس;تَغْيِير
إِخْفاق,"27,5",إِبْطَال;إِلْغَاء;إِسْقَاط;عَكْس;تَغْيِير
فَسْخ,25,إِبْطَال;إِلْغَاء;إِسْقَاط;عَكْس;تَغْيِير
تَجَاوُز,15,إِبْطَال;إِلْغَاء;إِسْقَاط;عَكْس;تَغْيِير
إِحْبَاط,"17,5",إِبْطَال;إِلْغَاء;إِسْقَاط;عَكْس;تَغْيِير
نَقْض,30,إِبْطَال;إِلْغَاء;إِسْقَاط;عَكْس;تَغْيِير
تَغْيِير,"72,5",اِنْقِلاب;عَكْس;قَلْب;تَغْيِير الإِتِّجاه
إِسْقَاط,"47,5",اِنْقِلاب;عَكْس;قَلْب;تَغْيِير الإِتِّجاه
إِلْغَاء,"2,5",اِنْقِلاب;عَكْس;قَلْب;تَغْيِير الإِتِّجاه
إِبْطَال,"7,5",اِنْقِلاب;عَكْس;قَلْب;تَغْيِير الإِتِّجاه
تَغْيِيْر كَامِل,"52,5",اِنْقِلاب;عَكْس;قَلْب;تَغْيِير الإِتِّجاه
تَغْيِيْر عَكْسِي,75,اِنْقِلاب;عَكْس;قَلْب;تَغْيِير الإِتِّجاه
تَغْيِيْر السِيَاسَة,"22,5",اِنْقِلاب;عَكْس;قَلْب;تَغْيِير الإِتِّجاه
عُدُول عن,20,اِنْقِلاب;عَكْس;قَلْب;تَغْيِير الإِتِّجاه
إِسْتِدَارَة 180 دَرَجَة,"82,5",اِنْقِلاب;عَكْس;قَلْب;تَغْيِير الإِتِّجاه
تغيير,"72,5",اِنْقِلاب;عَكْس;قَلْب;تَغْيِير الإِتِّجاه
تَحَوُّل,65,اِنْقِلاب;عَكْس;قَلْب;تَغْيِير الإِتِّجاه
إرتداد,"27,5",اِنْقِلاب;عَكْس;قَلْب;تَغْيِير الإِتِّجاه
نَكْسَة,10,اِنْقِلاب;عَكْس;قَلْب;تَغْيِير الإِتِّجاه
كَدْمَة,0,اِنْقِلاب;عَكْس;قَلْب;تَغْيِير الإِتِّجاه
اِنْعِكاس,"92,5",اِنْقِلاب;عَكْس;قَلْب;تَغْيِير الإِتِّجاه
إِخْفاق,"7,5",اِنْقِلاب;عَكْس;قَلْب;تَغْيِير الإِتِّجاه
تَخْوِيل,"87,5",تَفْوِيض;تَرْخِيص
تَكْلِيف,85,تَفْوِيض;تَرْخِيص
تَوْكِيل,"92,5",تَفْوِيض;تَرْخِيص
تَمْثِيل,"52,5",تَفْوِيض;تَرْخِيص
اِنْتِدَاب,25,تَفْوِيض;تَرْخِيص
وَكَالَة,60,تَفْوِيض;تَرْخِيص
مَكْتَب,10,تَفْوِيض;تَرْخِيص
هَيْئَة حُكُومِيَّة,10,تَفْوِيض;تَرْخِيص
مُطَابَقَة,85,عُنْصُر التَّطَابُق;مُعَامِل التَّطَابُق;تَطَابُق
تَصَوُّر,50,اِبْتِدَاع;اِبْتِكَار;تَصْمِيم
بِدْعَة,15,اِبْتِدَاع;اِبْتِكَار;تَصْمِيم
إِخْتِرَاع,"77,5",اِبْتِدَاع;اِبْتِكَار;تَصْمِيم
إِحْدَاث,55,اِبْتِدَاع;اِبْتِكَار;تَصْمِيم
اِسْتِحْدَات,20,اِبْتِدَاع;اِبْتِكَار;تَصْمِيم
تَرْتِيب,5,اِبْتِدَاع;اِبْتِكَار;تَصْمِيم
مُخَطَّط,"17,5",اِبْتِدَاع;اِبْتِكَار;تَصْمِيم
قَصْد,0,اِبْتِدَاع;اِبْتِكَار;تَصْمِيم
نِيَّة,0,اِبْتِدَاع;اِبْتِكَار;تَصْمِيم
مَرْمَى,0,اِبْتِدَاع;اِبْتِكَار;تَصْمِيم
مَغْزَى,0,اِبْتِدَاع;اِبْتِكَار;تَصْمِيم
غَرَض,0,اِبْتِدَاع;اِبْتِكَار;تَصْمِيم
غَايَة,0,اِبْتِدَاع;اِبْتِكَار;تَصْمِيم
عَزْم,0,اِبْتِدَاع;اِبْتِكَار;تَصْمِيم
اِبْدَاع,"77,5",اِبْتِدَاع;اِبْتِكَار;تَصْمِيم
احْدَاث,55,اِبْتِدَاع;اِبْتِكَار;تَصْمِيم
خَلْق,75,اِبْتِدَاع;اِبْتِكَار;تَصْمِيم
تَسْيِيب,"22,5",إعْتَاق;إِطْلاق;تَحْرِير
إِطْلاقُ سَراح,"92,5",إعْتَاق;إِطْلاق;تَحْرِير
إِخْلاءُ سَبِيل,"92,5",إعْتَاق;إِطْلاق;تَحْرِير
إِعْتاق,100,إعْتَاق;إِطْلاق;تَحْرِير
إطْلاَقٌ,100,إعْتَاق;إِطْلاق;تَحْرِير
تَحْرِِير,100,إعْتَاق;إِطْلاق;تَحْرِير
سَرَاح,30,إعْتَاق;إِطْلاق;تَحْرِير
طَرْد,10,إعْتَاق;إِطْلاق;تَحْرِير
عَزْل,0,إعْتَاق;إِطْلاق;تَحْرِير
عَتْق,80,إعْتَاق;إِطْلاق;تَحْرِير
إِعْفَاء,30,إعْتَاق;إِطْلاق;تَحْرِير
اِخْلاء سَبِيل,"92,5",إعْتَاق;إِطْلاق;تَحْرِير
اِبْرَاء,50,إعْتَاق;إِطْلاق;تَحْرِير
اِطْلاق سَرَاح,"92,5",إعْتَاق;إِطْلاق;تَحْرِير
تَفْرِيغ,"7,5",إعْتَاق;إِطْلاق;تَحْرِير
اِطْلاق,100,إعْتَاق;إِطْلاق;تَحْرِير
إِطْلاق النَّار,"2,5",إعْتَاق;إِطْلاق;تَحْرِير
نَار,0,إعْتَاق;إِطْلاق;تَحْرِير
خَط حُدُود,50,حَصْر;حَدّ;تَحْدِيد;تَقْيِيد
خَط الحُدُود,50,حَصْر;حَدّ;تَحْدِيد;تَقْيِيد
قَيْد,"92,5",حَصْر;حَدّ;تَحْدِيد;تَقْيِيد
نِطَاق,30,حَصْر;حَدّ;تَحْدِيد;تَقْيِيد
حُدُود,"87,5",حَصْر;حَدّ;تَحْدِيد;تَقْيِيد
حَاشِيَة,5,حَصْر;حَدّ;تَحْدِيد;تَقْيِيد
حافَّة,10,حَصْر;حَدّ;تَحْدِيد;تَقْيِيد
مُحَالَفَة,70,اِتِّحَاد فِدْرَالِي;حِلْف;تَحَالُف
اِتِّحَاد كُنْفِدْرَالِيّ,85,اِتِّحَاد فِدْرَالِي;حِلْف;تَحَالُف
اِتِّحَاد,90,اِتِّحَاد فِدْرَالِي;حِلْف;تَحَالُف
جامِعَة,15,اِتِّحَاد فِدْرَالِي;حِلْف;تَحَالُف
اِئْتِلاف,"52,5",اِتِّحَاد فِدْرَالِي;حِلْف;تَحَالُف
إنْحِيَاز,"42,5",اِتِّحَاد فِدْرَالِي;حِلْف;تَحَالُف
تَكْيِيف,60,ضَبْط;تَعْدِيل;تَصْوِيب
تَغْيِير,"57,5",ضَبْط;تَعْدِيل;تَصْوِيب
تَغَيُّر,"37,5",ضَبْط;تَعْدِيل;تَصْوِيب
تَبْدِيل,"27,5",ضَبْط;تَعْدِيل;تَصْوِيب
غِطَاء,"42,5",تَاج قِشَري
غِلاف,45,تَاج قِشَري
نَشَاط,"32,5",فَعَالِيَّة;تَأثِير
قُوَّة,"67,5",فَعَالِيَّة;تَأثِير
تَبَدُّل,"67,5",تأرْجُح;تَذّبْذُب;تَمَوُّج;تَقَلُّب
تَذَبْذُب,100,تأرْجُح;تَذّبْذُب;تَمَوُّج;تَقَلُّب
اِخْتِلاف,60,تأرْجُح;تَذّبْذُب;تَمَوُّج;تَقَلُّب
تَغَيُّر,75,تأرْجُح;تَذّبْذُب;تَمَوُّج;تَقَلُّب
تَحَوُّل,"67,5",تأرْجُح;تَذّبْذُب;تَمَوُّج;تَقَلُّب
تَصَرُّف,100,سُلُوك;تصرف
سِيْرَة,"22,5",سُلُوك;تصرف
عَلاَقَة سِيَاسِيَّة,"42,5",عِلْم السِّيَاسة;عُلُوم سِيَاسِية;سِيَاسَة
إِدَارَة,"17,5",عِلْم السِّيَاسة;عُلُوم سِيَاسِية;سِيَاسَة
تَسْجِيل,"47,5",دَفْتَر;مُدَوَّنَة;سِجِلّ
تَسْجيل,"47,5",دَفْتَر;مُدَوَّنَة;سِجِلّ
قَيْد,"12,5",دَفْتَر;مُدَوَّنَة;سِجِلّ
تَسْجِيل فُونُوغرَافِي,40,دَفْتَر;مُدَوَّنَة;سِجِلّ
قُرْص,10,دَفْتَر;مُدَوَّنَة;سِجِلّ
أسْطُوَانَة فُونُوغرَافِيَّة,"12,5",دَفْتَر;مُدَوَّنَة;سِجِلّ
إِنْكار,"92,5",عِبارَة سَلْبِيَّة;نَفْي;نَقْض;رَفْض;سَلْب
تَنَصُّل,"22,5",عِبارَة سَلْبِيَّة;نَفْي;نَقْض;رَفْض;سَلْب
تَكْذِيب,75,عِبارَة سَلْبِيَّة;نَفْي;نَقْض;رَفْض;سَلْب
وَطَن,35,مَنْزِل;مَسْكَن;سَكَن
مَرْكَز,35,مَنْزِل;مَسْكَن;سَكَن
مَقَرّ,"37,5",مَنْزِل;مَسْكَن;سَكَن
مَقَام,"17,5",مَنْزِل;مَسْكَن;سَكَن
بَيْت,"97,5",مَنْزِل;مَسْكَن;سَكَن
حِلَّة,"2,5",مَنْزِل;مَسْكَن;سَكَن
اِسْتِيطَان,"7,5",مَنْزِل;مَسْكَن;سَكَن
اِسْتِقْرَار,15,مَنْزِل;مَسْكَن;سَكَن
إِقَامَة,"47,5",مَنْزِل;مَسْكَن;سَكَن
عَائِلَة,5,مَنْزِل;مَسْكَن;سَكَن
أُسْرَة,5,مَنْزِل;مَسْكَن;سَكَن
اِنْسِدَاد,90,إِغْلاق;غَلْق;سَدّ
اِنْغِلاق,"82,5",إِغْلاق;غَلْق;سَدّ
وَسِيْلَة,"32,5",طَرِيقَة;مَسْلَك;سَبِيل
وَسَاطَة,20,طَرِيقَة;مَسْلَك;سَبِيل
سَبِيْل,90,طَرِيقَة;مَسْلَك;سَبِيل
سَبَب,"12,5",طَرِيقَة;مَسْلَك;سَبِيل
مِنْوَال,"42,5",طَرِيقَة;مَسْلَك;سَبِيل
نَمَط,30,طَرِيقَة;مَسْلَك;سَبِيل
أسْلُوب,"57,5",طَرِيقَة;مَسْلَك;سَبِيل
طَرِيق,"97,5",طَرِيقَة;مَسْلَك;سَبِيل
وِجْهَة,"72,5",طَرِيقَة;مَسْلَك;سَبِيل
جِهَة,"32,5",طَرِيقَة;مَسْلَك;سَبِيل
اِتِّجَاه,55,طَرِيقَة;مَسْلَك;سَبِيل
مَسْعًى,"37,5",طَرِيقَة;مَسْلَك;سَبِيل
مَسِيرَة,30,طَرِيقَة;مَسْلَك;سَبِيل
مَنْهَج,60,طَرِيقَة;مَسْلَك;سَبِيل
غِرَاْر,"32,5",طَرِيقَة;مَسْلَك;سَبِيل
أُسْلُوْب,70,طَرِيقَة;مَسْلَك;سَبِيل
مَدْخِل,"12,5",طَرِيقَة;مَسْلَك;سَبِيل
مَمَرّ,"27,5",طَرِيقَة;مَسْلَك;سَبِيل
طَرِيْق,"92,5",طَرِيقَة;مَسْلَك;سَبِيل
أُسْلُوب,"57,5",طَرِيقَة;مَسْلَك;سَبِيل
مَسَار,65,طَرِيقَة;مَسْلَك;سَبِيل
سَحْن,"72,5",طَحْن;دَكّ;سَحْق
دَقّ,85,طَحْن;دَكّ;سَحْق
طَحِين,50,طَحْن;دَكّ;سَحْق
طَرِيقَة,20,روتِين فَرْعي
نَمَط,"42,5",روتِين فَرْعي
دَوْر,15,روتِين فَرْعي
عَمَل,"22,5",روتِين فَرْعي
إِجْراء,"57,5",روتِين فَرْعي
عَمَلِيَّة,"62,5",روتِين فَرْعي
تَرَحُّل,75,رِحْلَة;سَفَر;سَفْرَة;تِرْحَال
تَنَقُّل,"77,5",رِحْلَة;سَفَر;سَفْرَة;تِرْحَال
تَحَرُّك,"57,5",رِحْلَة;سَفَر;سَفْرَة;تِرْحَال
سَفَرِيَّة,75,رِحْلَة;سَفَر;سَفْرَة;تِرْحَال
رَوْحَة,"57,5",رِحْلَة;سَفَر;سَفْرَة;تِرْحَال
غَدْوَة,"22,5",رِحْلَة;سَفَر;سَفْرَة;تِرْحَال
تَغْيِير مَوْضِع,60,رِحْلَة;سَفَر;سَفْرَة;تِرْحَال
سَفَرَ,100,رِحْلَة;سَفَر;سَفْرَة;تِرْحَال
مَسِيرَة,"17,5",رِحْلَة;سَفَر;سَفْرَة;تِرْحَال
هِجْرَة,"87,5",رِحْلَة;سَفَر;سَفْرَة;تِرْحَال
حَرَكَة,35,رِحْلَة;سَفَر;سَفْرَة;تِرْحَال
اِنْتِقَال,"77,5",رِحْلَة;سَفَر;سَفْرَة;تِرْحَال
نَمُوذَج,25,رَسْم;زَخْرَفَة;زِينَة
صُورَة,25,رَسْم;زَخْرَفَة;زِينَة
نَمَط,"22,5",رَسْم;زَخْرَفَة;زِينَة
شَكْل,"42,5",رَسْم;زَخْرَفَة;زِينَة
جِسْم إِنْسَان,0,رَسْم;زَخْرَفَة;زِينَة
جَسَد إِنْسَان,"2,5",رَسْم;زَخْرَفَة;زِينَة
هَيْكَل,"12,5",رَسْم;زَخْرَفَة;زِينَة
بُنْيَة,"2,5",رَسْم;زَخْرَفَة;زِينَة
بِنْيَة,"2,5",رَسْم;زَخْرَفَة;زِينَة
بَدَن,"2,5",رَسْم;زَخْرَفَة;زِينَة
شَخْصِيَّة,0,رَسْم;زَخْرَفَة;زِينَة
شَكْل جِسْمَانِي,"7,5",رَسْم;زَخْرَفَة;زِينَة
شَكْل بَشَرِيّ,"7,5",رَسْم;زَخْرَفَة;زِينَة
غِرَار,0,رَسْم;زَخْرَفَة;زِينَة
عَادَة,0,رَسْم;زَخْرَفَة;زِينَة
أُسْلُوب,5,رَسْم;زَخْرَفَة;زِينَة
تَصَوُّر,"12,5",رَسْم;زَخْرَفَة;زِينَة
تَزْيِين,50,رَسْم;زَخْرَفَة;زِينَة
تَوْشِيَة,70,رَسْم;زَخْرَفَة;زِينَة
تَرْصِيع,45,رَسْم;زَخْرَفَة;زِينَة
حِلْيَة,25,رَسْم;زَخْرَفَة;زِينَة
تَصْوِير,"7,5",رَسْم;زَخْرَفَة;زِينَة
لَوْحَة فَنِّيَّة,65,رَسْم;زَخْرَفَة;زِينَة
زُخْرُف,"72,5",رَسْم;زَخْرَفَة;زِينَة
زِيْنَة,"92,5",رَسْم;زَخْرَفَة;زِينَة
دِيكُور,80,رَسْم;زَخْرَفَة;زِينَة
زِيَادَة أُجْرَة,75,إعْلاء;رَفْع;تَعْليَة
زِيَادَة مَعَاش,75,إعْلاء;رَفْع;تَعْليَة
زِيَادَة رَاتِب,90,إعْلاء;رَفْع;تَعْليَة
زِيَادَة,95,إعْلاء;رَفْع;تَعْليَة
صُعُود,"82,5",إعْلاء;رَفْع;تَعْليَة
اِرْتفِاَع,"97,5",إعْلاء;رَفْع;تَعْليَة
ثَرَاء,45,بَحْبُوحَة;رَاحَة;رَفَاهِيَّة;رَغَد
غِنَى,45,بَحْبُوحَة;رَاحَة;رَفَاهِيَّة;رَغَد
تَرَف,70,بَحْبُوحَة;رَاحَة;رَفَاهِيَّة;رَغَد
فَخَامَة,35,بَحْبُوحَة;رَاحَة;رَفَاهِيَّة;رَغَد
بَذْخ,35,بَحْبُوحَة;رَاحَة;رَفَاهِيَّة;رَغَد
رَبْط,60,رابِط;رابِطَة;وَصْلَة
رَابِطَة,100,رابِط;رابِطَة;وَصْلَة
اِتَّصال,"52,5",رابِط;رابِطَة;وَصْلَة
اِرْتِبَاط,45,رابِط;رابِطَة;وَصْلَة
صِلَة,"57,5",رابِط;رابِطَة;وَصْلَة
اِرْتِباط,45,رابِط;رابِطَة;وَصْلَة
وَصْل,40,رابِط;رابِطَة;وَصْلَة
اِتِّصَال,60,رابِط;رابِطَة;وَصْلَة
تَوْصِيل,55,رابِط;رابِطَة;وَصْلَة
اِتَّصَال,60,رابِط;رابِطَة;وَصْلَة
تَوْصِيلَة,"57,5",رابِط;رابِطَة;وَصْلَة
تَدَاعِي الخَوَاطِر,35,رابِط;رابِطَة;وَصْلَة
قَرِينَة,"7,5",رابِط;رابِطَة;وَصْلَة
قُوَّة عَسْكَرِيَّة,"67,5",حَوْل;قُدْرَة;قُوَّة;سُلْطَان
أُسّ,10,حَوْل;قُدْرَة;قُوَّة;سُلْطَان
قُوَّة,100,حَوْل;قُدْرَة;قُوَّة;سُلْطَان
جَبَرُوت,80,حَوْل;قُدْرَة;قُوَّة;سُلْطَان
عَظَمَة,60,حَوْل;قُدْرَة;قُوَّة;سُلْطَان
مَقْدِرَة,60,حَوْل;قُدْرَة;قُوَّة;سُلْطَان
شِدَّة,50,حَوْل;قُدْرَة;قُوَّة;سُلْطَان
مَوَظَّفُون,0,حَوْل;قُدْرَة;قُوَّة;سُلْطَان
مَجْمُوع المُوَظَّفِين,0,حَوْل;قُدْرَة;قُوَّة;سُلْطَان
طَاقَم,0,حَوْل;قُدْرَة;قُوَّة;سُلْطَان
شِدَّة,50,حَوْل;قُدْرَة;قُوَّة;سُلْطَان
تَحَمُّلِيَّة,15,حَوْل;قُدْرَة;قُوَّة;سُلْطَان
مَتَانَة,45,حَوْل;قُدْرَة;قُوَّة;سُلْطَان
دَوَام,"2,5",حَوْل;قُدْرَة;قُوَّة;سُلْطَان
بَقَاء,5,حَوْل;قُدْرَة;قُوَّة;سُلْطَان
ثَبَات,"17,5",حَوْل;قُدْرَة;قُوَّة;سُلْطَان
قُدْرَة عَسْكَرِيَّة,65,حَوْل;قُدْرَة;قُوَّة;سُلْطَان
كَثَافَة,5,حَوْل;قُدْرَة;قُوَّة;سُلْطَان
غَصْب,"42,5",حَوْل;قُدْرَة;قُوَّة;سُلْطَان
بَطْش,70,حَوْل;قُدْرَة;قُوَّة;سُلْطَان
عُنْف,20,حَوْل;قُدْرَة;قُوَّة;سُلْطَان
عَنْوَة,"32,5",حَوْل;قُدْرَة;قُوَّة;سُلْطَان
فَعَّالِيَّة,"2,5",حَوْل;قُدْرَة;قُوَّة;سُلْطَان
إمْكَانِيَّة,"12,5",حَوْل;قُدْرَة;قُوَّة;سُلْطَان
تَغَيُّر,65,تَعْدِيل;تَغْيِير;تَكْيِيف
تَبْدِيل,"62,5",تَعْدِيل;تَغْيِير;تَكْيِيف
تَصْوِيب,40,تَعْدِيل;تَغْيِير;تَكْيِيف
ضَبْط,"52,5",تَعْدِيل;تَغْيِير;تَكْيِيف
تَبْدِيْل,"62,5",تَعْدِيل;تَغْيِير;تَكْيِيف
رُقْعَة,55,قِطْعَة;قِطْعَة أرْض
جُزء,"42,5",قِطْعَة;قِطْعَة أرْض
حِصَّة,"22,5",قِطْعَة;قِطْعَة أرْض
قَرَابَة,"17,5",عَامَة النَاس;نَاس;قَوْم
فَصِيْلَة,40,عَامَة النَاس;نَاس;قَوْم
عَشِيْرَة,"67,5",عَامَة النَاس;نَاس;قَوْم
عائِلَة,"37,5",عَامَة النَاس;نَاس;قَوْم
أَهْل,"37,5",عَامَة النَاس;نَاس;قَوْم
ذِنَاْبَة,"22,5",عَامَة النَاس;نَاس;قَوْم
مَظْهَر,20,عِبَارَة;قَوْل;تَعْبِير
إنْعِكَاس,"17,5",عِبَارَة;قَوْل;تَعْبِير
تَعْبِير الوَجْه,"17,5",عِبَارَة;قَوْل;تَعْبِير
تَعْبِير اصْطِلاحِيّ,"77,5",عِبَارَة;قَوْل;تَعْبِير
عِبَارَة اصْطِلاحِيّة,80,عِبَارَة;قَوْل;تَعْبِير
تَصْمِيم,"2,5",بَيَان;قَرَار;تَصْرِيح
عَزْم,"7,5",بَيَان;قَرَار;تَصْرِيح
إصْرَار,"2,5",بَيَان;قَرَار;تَصْرِيح
إعْلان,70,بَيَان;قَرَار;تَصْرِيح
قَوْل,55,بَيَان;قَرَار;تَصْرِيح
إفَادَة,20,بَيَان;قَرَار;تَصْرِيح
تَصْرِيح مالِيّ,"27,5",بَيَان;قَرَار;تَصْرِيح
كَشْف مَالِيّ,"2,5",بَيَان;قَرَار;تَصْرِيح
قَوْل فَصْل,20,بَيَان;قَرَار;تَصْرِيح
بَيان,100,بَيَان;قَرَار;تَصْرِيح
تَوْكِيد,30,بَيَان;قَرَار;تَصْرِيح
إثْبَات,15,بَيَان;قَرَار;تَصْرِيح
مُوون,"32,5",ضُوء القَمَر;قَمَر
صَن مِيُونُغ مُوون,5,ضُوء القَمَر;قَمَر
مادَّة مُشْعِلَة,"57,5",مِقْدَاح;قَدَّاحَة
المُشْعِل,"77,5",مِقْدَاح;قَدَّاحَة
سِنّ الرُّشْد,75,إِدْرَاك;بُلُوغ;نُضْج;رُشْد
إدْرَاك,85,إِدْرَاك;بُلُوغ;نُضْج;رُشْد
سِن الرُّشْد,75,إِدْرَاك;بُلُوغ;نُضْج;رُشْد
سِن البُلُوغ,"77,5",إِدْرَاك;بُلُوغ;نُضْج;رُشْد
مَعْرِفَة,"47,5",إِدْرَاك;بُلُوغ;نُضْج;رُشْد
فَهْم,35,إِدْرَاك;بُلُوغ;نُضْج;رُشْد
نَاتِج,80,مَحْصُول;مَرْدُود;نِتَاج
إِنْتَاج,65,مَحْصُول;مَرْدُود;نِتَاج
مُنْتَج,"92,5",مَحْصُول;مَرْدُود;نِتَاج
مَنْتُوج,85,مَحْصُول;مَرْدُود;نِتَاج
مَنْتُوج نِهَائِي,85,مَحْصُول;مَرْدُود;نِتَاج
غَلَّة,"72,5",مَحْصُول;مَرْدُود;نِتَاج
عَائِد,85,مَحْصُول;مَرْدُود;نِتَاج
إِنْتِهَاء,85,نِهَايَة;خَاتِمَة;خِتَام
نُقْطَة النِهَايَة,75,نِهَايَة;خَاتِمَة;خِتَام
اِخْتِتَام,"77,5",نِهَايَة;خَاتِمَة;خِتَام
إِنْهَاء,"67,5",نِهَايَة;خَاتِمَة;خِتَام
خَتْم,65,نِهَايَة;خَاتِمَة;خِتَام
فَسْخ,"17,5",نِهَايَة;خَاتِمَة;خِتَام
مَوْت,35,نِهَايَة;خَاتِمَة;خِتَام
آخِر,"87,5",نِهَايَة;خَاتِمَة;خِتَام
مَرْحَلَة نهَائِيَّة,"72,5",نِهَايَة;خَاتِمَة;خِتَام
هَلاك,35,نِهَايَة;خَاتِمَة;خِتَام
زائِدَة,0,نِهَايَة;خَاتِمَة;خِتَام
بَقِيَّة,0,نِهَايَة;خَاتِمَة;خِتَام
بَاقِيَة,0,نِهَايَة;خَاتِمَة;خِتَام
طَرَف,0,نِهَايَة;خَاتِمَة;خِتَام
نَقْل,45,نَقْل مِلْكِيَّة;تَنَازُل
تَحْوِيل,"72,5",نَقْل مِلْكِيَّة;تَنَازُل
تَحَوُّل,60,نَقْل مِلْكِيَّة;تَنَازُل
تَوْصِيل,10,نَقْل مِلْكِيَّة;تَنَازُل
حَمْل,0,نَقْل مِلْكِيَّة;تَنَازُل
رَفْض,"92,5",إِنْكار;عِبارَة سَلْبِيَّة;نَفْي;نَقْض;سَلْب
تَنَصُّل,"72,5",إِنْكار;عِبارَة سَلْبِيَّة;نَفْي;نَقْض;سَلْب
تَكْذِيب,70,إِنْكار;عِبارَة سَلْبِيَّة;نَفْي;نَقْض;سَلْب
خَرْج,"17,5",مَصَارِيف;نَفَقَات;نَفَقَة
صَرْف,60,مَصَارِيف;نَفَقَات;نَفَقَة
إِنْفَاق,"67,5",مَصَارِيف;نَفَقَات;نَفَقَة
مَصْرُوفَات,"82,5",مَصَارِيف;نَفَقَات;نَفَقَة
مَصْرُوف,90,مَصَارِيف;نَفَقَات;نَفَقَة
نَبْضَة,90,نَبْض;نَبْض عَصَبِي
قَبُول,"97,5",مُبَارَكَة;مُوَافَقَة;قُبُول
اِسْتِحْسَان,65,مُبَارَكَة;مُوَافَقَة;قُبُول
رِضَى,"72,5",مُبَارَكَة;مُوَافَقَة;قُبُول
تَقَبُّل,"62,5",مُبَارَكَة;مُوَافَقَة;قُبُول
تَصْدِيق,"37,5",مُبَارَكَة;مُوَافَقَة;قُبُول
مِسَاحَة,90,حَيِّز;مَجَال;مُتَّسَع
مَكَان,"62,5",حَيِّز;مَجَال;مُتَّسَع
جِهَة,"17,5",حَيِّز;مَجَال;مُتَّسَع
فَرَاغ,80,حَيِّز;مَجَال;مُتَّسَع
مَكَان فَارِغ,"72,5",حَيِّز;مَجَال;مُتَّسَع
فَضَاء,35,حَيِّز;مَجَال;مُتَّسَع
نِدّ,40,مُنَافِس;مُسَابِق;مُتَبَارِ;مُتَنَافِس;مُتَسَابِق
نَظِير,60,مُنَافِس;مُسَابِق;مُتَبَارِ;مُتَنَافِس;مُتَسَابِق
خَصْم,"82,5",مُنَافِس;مُسَابِق;مُتَبَارِ;مُتَنَافِس;مُتَسَابِق
غَرِيم,"52,5",مُنَافِس;مُسَابِق;مُتَبَارِ;مُتَنَافِس;مُتَسَابِق
مُزَاحِم,"47,5",مُنَافِس;مُسَابِق;مُتَبَارِ;مُتَنَافِس;مُتَسَابِق
غَرِيْم,"52,5",مُنَافِس;مُسَابِق;مُتَبَارِ;مُتَنَافِس;مُتَسَابِق
مُسَكِّن أَلَم,"92,5",مُهَدِئ;مُسَكِّن
تَنْقِيح,"17,5",مُرَاجَعَة;مُتَابَعَة
إعَادَة نَظَر,"67,5",مُرَاجَعَة;مُتَابَعَة
تَدْقِيْق,"57,5",مُرَاجَعَة;مُتَابَعَة
فَحْص,"57,5",مُرَاجَعَة;مُتَابَعَة
خُلَاْصَة,10,مَرْكَز;مُنْتَصَف;وَسَط
قَلْب,85,مَرْكَز;مُنْتَصَف;وَسَط
لُبّ,70,مَرْكَز;مُنْتَصَف;وَسَط
جَوْهَر,"22,5",مَرْكَز;مُنْتَصَف;وَسَط
فَحْوَى,15,مَرْكَز;مُنْتَصَف;وَسَط
صَمِيم,"72,5",مَرْكَز;مُنْتَصَف;وَسَط
أخْد وعَطَاء,55,مُعَالَجَة;مُنَاقَشَة;نِقَاش
تَدْبِير,5,مُعَالَجَة;مُنَاقَشَة;نِقَاش
مُعَامَلَة,15,مُعَالَجَة;مُنَاقَشَة;نِقَاش
عِلاج,"7,5",مُعَالَجَة;مُنَاقَشَة;نِقَاش
دَواء,5,مُعَالَجَة;مُنَاقَشَة;نِقَاش
مُدَاوَاة,"7,5",مُعَالَجَة;مُنَاقَشَة;نِقَاش
مُسَابَقَة,100,مُنافَسة;مُسابَقَة;سِبَاْق;تَنافُس
مُنَافَسَة,100,مُنافَسة;مُسابَقَة;سِبَاْق;تَنافُس
تَنَافُس,"97,5",مُنافَسة;مُسابَقَة;سِبَاْق;تَنافُس
سِبَاق,100,مُنافَسة;مُسابَقَة;سِبَاْق;تَنافُس
مُوجَز,"97,5",مُلَخَّص;مُخْتَصَر;خُلاصَة
اِسْتِئجَار,80,اِيجَار;فَتْرَة الإِيجَار;مُدَّة الإِيجَار;تَأْجِير
إِيجَار,85,اِيجَار;فَتْرَة الإِيجَار;مُدَّة الإِيجَار;تَأْجِير
كِراء,85,اِيجَار;فَتْرَة الإِيجَار;مُدَّة الإِيجَار;تَأْجِير
إِحْسَاس,45,إِدْرَاك;مُدْرَك;تَجْرِبَة إِدْرَاكِيَّة
حِسّ,"47,5",إِدْرَاك;مُدْرَك;تَجْرِبَة إِدْرَاكِيَّة
مُرُونَة,"92,5",لَدَانَة;لُدُونَة;مُطَاوَعَة;قَابِلِيَّة الطَرْق
لُيُونَة,"92,5",لَدَانَة;لُدُونَة;مُطَاوَعَة;قَابِلِيَّة الطَرْق
لَدَاْنَة,100,لَدَانَة;لُدُونَة;مُطَاوَعَة;قَابِلِيَّة الطَرْق
نَمُوذَج,"92,5",مَثَل;مِثَال
مِثال,100,مَثَل;مِثَال
حَالَة,"67,5",مَثَل;مِثَال
أُمْثُوْلَة,"72,5",مَثَل;مِثَال
شَاهِد,"27,5",مَثَل;مِثَال
قَالِب,5,مَثَل;مِثَال
قَالَب,"17,5",مَثَل;مِثَال
مُحَاكَاة,"42,5",مَثَل;مِثَال
قَدْر,20,مِعْيَار;مِقْيَاس
مِقْدَار,"42,5",مِعْيَار;مِقْيَاس
مَبْلَغ,10,مِعْيَار;مِقْيَاس
كَمِّيَّة,15,مِعْيَار;مِقْيَاس
كَمّ,5,مِعْيَار;مِقْيَاس
طَرِيقَة,25,مَسَار;مَيْل;تَوَجُّه;وِجْهَة سَيْر
خَطّ,"72,5",مَسَار;مَيْل;تَوَجُّه;وِجْهَة سَيْر
مَسْلَك,80,مَسَار;مَيْل;تَوَجُّه;وِجْهَة سَيْر
نِهَايَة,60,مَمات;مَوْت;وَفَاة
هَلاك,"87,5",مَمات;مَوْت;وَفَاة
نَحْب,"32,5",مَمات;مَوْت;وَفَاة
مَنِيَّة,"87,5",مَمات;مَوْت;وَفَاة
مَمَات,100,مَمات;مَوْت;وَفَاة
أَجَل,85,مَمات;مَوْت;وَفَاة
زَوَال,"67,5",مَمات;مَوْت;وَفَاة
تَلاشٍ,"42,5",مَمات;مَوْت;وَفَاة
وِقْفَة,100,مَوْقِف;وَضْع;وَقْفَة
وَضْعِيَّة,"77,5",مَوْقِف;وَضْع;وَقْفَة
مَكَان,5,مَوْقِف;وَضْع;وَقْفَة
حَالَة,60,مَوْقِف;وَضْع;وَقْفَة
مَوْقِف ذِهْنِيّ,75,مَوْقِف;وَضْع;وَقْفَة
مَوْقِع,"2,5",مَوْقِف;وَضْع;وَقْفَة
مَرْكَز,"7,5",مَوْقِف;وَضْع;وَقْفَة
مَكَانَة,15,مَوْقِف;وَضْع;وَقْفَة
تَرْتِيب,0,مَوْقِف;وَضْع;وَقْفَة
مَوْضِع,10,مَوْقِف;وَضْع;وَقْفَة
وَظِيفَة,"12,5",مَوْقِف;وَضْع;وَقْفَة
مَنْصِب,"2,5",مَوْقِف;وَضْع;وَقْفَة
َوَضْع,100,مَوْقِف;وَضْع;وَقْفَة
بَدَلاً مِن,0,مَوْقِف;وَضْع;وَقْفَة
مَوْضُوع البَحْث,75,مَسْألَة;مَوْضُوع
فَرْع,"17,5",مَسْألَة;مَوْضُوع
مَادَّة,35,مَسْألَة;مَوْضُوع
أمْر,"42,5",مَسْألَة;مَوْضُوع
شَيء,40,مَسْألَة;مَوْضُوع
شَأن,"67,5",مَسْألَة;مَوْضُوع
قَضِيَّة,75,مَسْألَة;مَوْضُوع
حَالَة,50,مَسْألَة;مَوْضُوع
رِسَالَة,10,مَسْألَة;مَوْضُوع
مُحْتَوَى,30,مَسْألَة;مَوْضُوع
مَفَاد,5,مَسْألَة;مَوْضُوع
مَضْمُون,"22,5",مَسْألَة;مَوْضُوع
سَبِيل,"37,5",مَسَار;خَطّ;خَطّ الرِحْلَة
مَسْلَك,70,مَسَار;خَطّ;خَطّ الرِحْلَة
طَرِيقَة,30,مَسَار;خَطّ;خَطّ الرِحْلَة
صَفّ,"37,5",أُسْلُوب;مَسار;مَسْعَى;سِيْرَة
مَسَار,100,أُسْلُوب;مَسار;مَسْعَى;سِيْرَة
خَطّ,"62,5",أُسْلُوب;مَسار;مَسْعَى;سِيْرَة
رَتْل,10,أُسْلُوب;مَسار;مَسْعَى;سِيْرَة
صَفّ مَدْرَسِي,20,أُسْلُوب;مَسار;مَسْعَى;سِيْرَة
طَرِيقَة,15,أُسْلُوب;مَسار;مَسْعَى;سِيْرَة
جُهْد,0,أُسْلُوب;مَسار;مَسْعَى;سِيْرَة
عَمَل,0,أُسْلُوب;مَسار;مَسْعَى;سِيْرَة
نَمَط,50,أُسْلُوب;مَسار;مَسْعَى;سِيْرَة
مَسْلَك,"62,5",أُسْلُوب;مَسار;مَسْعَى;سِيْرَة
مَسْعًى,40,أُسْلُوب;مَسار;مَسْعَى;سِيْرَة
مَسِيرَة,20,أُسْلُوب;مَسار;مَسْعَى;سِيْرَة
مَنْهَج,"52,5",أُسْلُوب;مَسار;مَسْعَى;سِيْرَة
غِرَاْر,"17,5",أُسْلُوب;مَسار;مَسْعَى;سِيْرَة
أُسْلُوْب,75,أُسْلُوب;مَسار;مَسْعَى;سِيْرَة
خُلَاْصَة,"2,5",مَرْكَز
قَلْب,90,مَرْكَز
لُبّ,"37,5",مَرْكَز
جَوْهَر,"67,5",مَرْكَز
فَحْوَى,10,مَرْكَز
صَمِيم,65,مَرْكَز
وَسَط,95,مَرْكَز
مُنْتَصَف,"97,5",مَرْكَز
مكْتَب رَئِيسِي,55,مَرْكَز قيَادَة;مَرْكَز قيَادَة عَسْكَرِي
مَرْكَز رَئِيسِي,80,مَرْكَز قيَادَة;مَرْكَز قيَادَة عَسْكَرِي
مَقَر,"82,5",مَرْكَز قيَادَة;مَرْكَز قيَادَة عَسْكَرِي
حَظْر,"87,5",مَنْع;نَهْي;تَحْرِيم
إِبْعَاد,"67,5",مَنْع;نَهْي;تَحْرِيم
جِهَاز حِمََايَة,"32,5",مَأْوَى;مَلْجَأ;نَجاة;سَلاَمَة
جِهَاز وِقَايَة,"22,5",مَأْوَى;مَلْجَأ;نَجاة;سَلاَمَة
حِمَايَة,45,مَأْوَى;مَلْجَأ;نَجاة;سَلاَمَة
ثِيَاب,85,لِبَاس;مَلابِس;مَلْبَس
ثَوْب,80,لِبَاس;مَلابِس;مَلْبَس
رِدَاء,"77,5",لِبَاس;مَلابِس;مَلْبَس
كِسْوَة,80,لِبَاس;مَلابِس;مَلْبَس
مَلاِبس,"87,5",لِبَاس;مَلابِس;مَلْبَس
لِبَاس فَاخِر,"62,5",لِبَاس;مَلابِس;مَلْبَس
كِسَاء,70,لِبَاس;مَلابِس;مَلْبَس
غِطَاء,"42,5",لِبَاس;مَلابِس;مَلْبَس
بَزّ,"32,5",لِبَاس;مَلابِس;مَلْبَس
حُلَّة,75,لِبَاس;مَلابِس;مَلْبَس
سَاحَة,35,مَكَان;مَرْكَز;مَوْضِع;مَوْقِع
مَقْعَد,"37,5",مَكَان;مَرْكَز;مَوْضِع;مَوْقِع
وَضْع,"7,5",مَكَان;مَرْكَز;مَوْضِع;مَوْقِع
وَظِيفَة,10,مَكَان;مَرْكَز;مَوْضِع;مَوْقِع
مَنْصِب,10,مَكَان;مَرْكَز;مَوْضِع;مَوْقِع
َوَضْع,"7,5",مَكَان;مَرْكَز;مَوْضِع;مَوْقِع
مَوْقِع عَسْكَرِيّ,"22,5",مَكَان;مَرْكَز;مَوْضِع;مَوْقِع
مَكَانَة,"17,5",مَكَان;مَرْكَز;مَوْضِع;مَوْقِع
عَلاقَة مَكَانِيَّة,15,مَكَان;مَرْكَز;مَوْضِع;مَوْقِع
بَدَلاً مِن,0,مَكَان;مَرْكَز;مَوْضِع;مَوْقِع
وِقْفَة,"2,5",مَكَان;مَرْكَز;مَوْضِع;مَوْقِع
وَقْفَة,"2,5",مَكَان;مَرْكَز;مَوْضِع;مَوْقِع
وَضْعِيَّة,20,مَكَان;مَرْكَز;مَوْضِع;مَوْقِع
مَوْقِف,"32,5",مَكَان;مَرْكَز;مَوْضِع;مَوْقِع
مِسَاحَة,35,مَكَان;مَرْكَز;مَوْضِع;مَوْقِع
مَجَال,"12,5",مَكَان;مَرْكَز;مَوْضِع;مَوْقِع
نُقْطَة طُوبُوغْرَافِيَّة,80,مَكَان;مَرْكَز;مَوْضِع;مَوْقِع
بُقْعَة,45,مَكَان;مَرْكَز;مَوْضِع;مَوْقِع
بَيْت,25,مَكَان;مَرْكَز;مَوْضِع;مَوْقِع
مَشْهَد,0,مَكَان;مَرْكَز;مَوْضِع;مَوْقِع
مَوْضِع السِّلاح,"22,5",مَكَان;مَرْكَز;مَوْضِع;مَوْقِع
مَنْصَب,10,مَكَان;مَرْكَز;مَوْضِع;مَوْقِع
مَيْدَان,20,مَكَان;مَرْكَز;مَوْضِع;مَوْقِع
وَطَن,"27,5",مَكَان;مَرْكَز;مَوْضِع;مَوْقِع
سَكَن,25,مَكَان;مَرْكَز;مَوْضِع;مَوْقِع
مَسْكَن,25,مَكَان;مَرْكَز;مَوْضِع;مَوْقِع
مَقَرّ,30,مَكَان;مَرْكَز;مَوْضِع;مَوْقِع
مَقَام,"17,5",مَكَان;مَرْكَز;مَوْضِع;مَوْقِع
مَنْزِل,"22,5",مَكَان;مَرْكَز;مَوْضِع;مَوْقِع
حِلَّة,20,مَكَان;مَرْكَز;مَوْضِع;مَوْقِع
مَكَان فَارِغ,"27,5",مَكَان;مَرْكَز;مَوْضِع;مَوْقِع
فَرَاغ,10,مَكَان;مَرْكَز;مَوْضِع;مَوْقِع
حَيِّز,40,مَكَان;مَرْكَز;مَوْضِع;مَوْقِع
وَحْدَة قِيَاس,20,جَمِيع;كُلّ;مَجْمُوع;وَحْدَة
وَحْدَة إِجْتِمَاعِيَّة,"22,5",جَمِيع;كُلّ;مَجْمُوع;وَحْدَة
وَحْدَة أَسَاسِيَّة,"22,5",جَمِيع;كُلّ;مَجْمُوع;وَحْدَة
وَحْدَة كامِلَة,25,جَمِيع;كُلّ;مَجْمُوع;وَحْدَة
كُلّ تام,"57,5",جَمِيع;كُلّ;مَجْمُوع;وَحْدَة
كُل,100,جَمِيع;كُلّ;مَجْمُوع;وَحْدَة
جَمْع,"62,5",جَمِيع;كُلّ;مَجْمُوع;وَحْدَة
تَجْمِيع,30,جَمِيع;كُلّ;مَجْمُوع;وَحْدَة
مَجْمُوعَة,"72,5",جَمِيع;كُلّ;مَجْمُوع;وَحْدَة
جَمَاعَة,"37,5",جَمِيع;كُلّ;مَجْمُوع;وَحْدَة
دَمْج,"7,5",جَمِيع;كُلّ;مَجْمُوع;وَحْدَة
ضَمّ,20,جَمِيع;كُلّ;مَجْمُوع;وَحْدَة
اِتِّحاد,75,جَمِيع;كُلّ;مَجْمُوع;وَحْدَة
قُوَّة عَسْكَرِيَّة,40,طَاقَم;مَجْمُوع المُوَظَّفِين;مَوَظَّفُون;قُوَّة
سُلْطَان,"22,5",طَاقَم;مَجْمُوع المُوَظَّفِين;مَوَظَّفُون;قُوَّة
قُدْرَة,"17,5",طَاقَم;مَجْمُوع المُوَظَّفِين;مَوَظَّفُون;قُوَّة
حَوْل,"22,5",طَاقَم;مَجْمُوع المُوَظَّفِين;مَوَظَّفُون;قُوَّة
شِدَّة,"17,5",طَاقَم;مَجْمُوع المُوَظَّفِين;مَوَظَّفُون;قُوَّة
تَحَمُّلِيَّة,"22,5",طَاقَم;مَجْمُوع المُوَظَّفِين;مَوَظَّفُون;قُوَّة
مَتَانَة,20,طَاقَم;مَجْمُوع المُوَظَّفِين;مَوَظَّفُون;قُوَّة
دَوَام,10,طَاقَم;مَجْمُوع المُوَظَّفِين;مَوَظَّفُون;قُوَّة
بَقَاء,"2,5",طَاقَم;مَجْمُوع المُوَظَّفِين;مَوَظَّفُون;قُوَّة
قُوَّة,100,طَاقَم;مَجْمُوع المُوَظَّفِين;مَوَظَّفُون;قُوَّة
مَقْدِرَة,45,طَاقَم;مَجْمُوع المُوَظَّفِين;مَوَظَّفُون;قُوَّة
شِدَّة,"17,5",طَاقَم;مَجْمُوع المُوَظَّفِين;مَوَظَّفُون;قُوَّة
ثَبَات,10,طَاقَم;مَجْمُوع المُوَظَّفِين;مَوَظَّفُون;قُوَّة
قُدْرَة عَسْكَرِيَّة,"32,5",طَاقَم;مَجْمُوع المُوَظَّفِين;مَوَظَّفُون;قُوَّة
كَثَافَة,"2,5",طَاقَم;مَجْمُوع المُوَظَّفِين;مَوَظَّفُون;قُوَّة
غَصْب,"17,5",طَاقَم;مَجْمُوع المُوَظَّفِين;مَوَظَّفُون;قُوَّة
بَطْش,"52,5",طَاقَم;مَجْمُوع المُوَظَّفِين;مَوَظَّفُون;قُوَّة
عُنْف,10,طَاقَم;مَجْمُوع المُوَظَّفِين;مَوَظَّفُون;قُوَّة
عَنْوَة,5,طَاقَم;مَجْمُوع المُوَظَّفِين;مَوَظَّفُون;قُوَّة
فَعَّالِيَّة,"12,5",طَاقَم;مَجْمُوع المُوَظَّفِين;مَوَظَّفُون;قُوَّة
أُسّ,"2,5",طَاقَم;مَجْمُوع المُوَظَّفِين;مَوَظَّفُون;قُوَّة
مَجْمُوعَة,25,طَاقَم;مَجْمُوع المُوَظَّفِين;مَوَظَّفُون;قُوَّة
حَشْد,20,طَاقَم;مَجْمُوع المُوَظَّفِين;مَوَظَّفُون;قُوَّة
تَصْمِيم,"17,5",فِكْرَة عَامَّة;مَفْهُوم;تَصَوُّر
بِدْعَة,15,فِكْرَة عَامَّة;مَفْهُوم;تَصَوُّر
اِبْتِكَار,"27,5",فِكْرَة عَامَّة;مَفْهُوم;تَصَوُّر
إِخْتِرَاع,20,فِكْرَة عَامَّة;مَفْهُوم;تَصَوُّر
إِحْدَاث,"7,5",فِكْرَة عَامَّة;مَفْهُوم;تَصَوُّر
خَلْق,20,فِكْرَة عَامَّة;مَفْهُوم;تَصَوُّر
تَكْوِين,"17,5",فِكْرَة عَامَّة;مَفْهُوم;تَصَوُّر
صِيَاغَة,"17,5",فِكْرَة عَامَّة;مَفْهُوم;تَصَوُّر
إِنْشاء,"7,5",فِكْرَة عَامَّة;مَفْهُوم;تَصَوُّر
إِبْداع,"12,5",فِكْرَة عَامَّة;مَفْهُوم;تَصَوُّر
إِحْداث,"7,5",فِكْرَة عَامَّة;مَفْهُوم;تَصَوُّر
قَيْد,"2,5",مَدْخَل
دُخُول,35,مَدْخَل
وَفد,"77,5",مَبْعُوث;مَنْدُوب;مُمَثِّل دَولَة
مُفَوَّض,"77,5",مَبْعُوث;مَنْدُوب;مُمَثِّل دَولَة
بِعْثَة,"87,5",مَبْعُوث;مَنْدُوب;مُمَثِّل دَولَة
يَنْبُوع,25,أصْل;بِدَايَة;مَصْدَر
مَنْشَأ,"67,5",أصْل;بِدَايَة;مَصْدَر
مَبْدَأ,"12,5",أصْل;بِدَايَة;مَصْدَر
جَذْر,70,أصْل;بِدَايَة;مَصْدَر
بَدْء,65,أصْل;بِدَايَة;مَصْدَر
أَسَاس,90,أصْل;بِدَايَة;مَصْدَر
أَصْل,95,أصْل;بِدَايَة;مَصْدَر
إِنْطِلاق,"57,5",أصْل;بِدَايَة;مَصْدَر
مَرْجِع,25,أصْل;بِدَايَة;مَصْدَر
سُلالَة,10,أصْل;بِدَايَة;مَصْدَر
نَسَب,10,أصْل;بِدَايَة;مَصْدَر
خُطْوَة أُولَى,70,أصْل;بِدَايَة;مَصْدَر
رُوح المُبَادَرَة,"12,5",أصْل;بِدَايَة;مَصْدَر
مُبَادَرَة,"12,5",أصْل;بِدَايَة;مَصْدَر
وَقْت البَدْء,25,أصْل;بِدَايَة;مَصْدَر
نُقْطَة الإنْطِلاق,50,أصْل;بِدَايَة;مَصْدَر
مُسْتَهَلّ,"32,5",أصْل;بِدَايَة;مَصْدَر
مَطْلَع,35,أصْل;بِدَايَة;مَصْدَر
غُرَّة,"27,5",أصْل;بِدَايَة;مَصْدَر
فَاْتِحَة,70,أصْل;بِدَايَة;مَصْدَر
اِستِفْتَاح,"62,5",أصْل;بِدَايَة;مَصْدَر
اِسْتشهْلال,"27,5",أصْل;بِدَايَة;مَصْدَر
اِنْطِلاق,65,أصْل;بِدَايَة;مَصْدَر
اِبْتِدَاء,55,أصْل;بِدَايَة;مَصْدَر
اِسْتِهْلال,80,أصْل;بِدَايَة;مَصْدَر
أُصُول,75,أصْل;بِدَايَة;مَصْدَر
نَسْل,5,أصْل;بِدَايَة;مَصْدَر
ذُرَّيَّة,"2,5",أصْل;بِدَايَة;مَصْدَر
حِصْن,"92,5",حَامِية;مَعْقِل;مَوْقِع عَسْكَرِيّ;قَلْعَة
مِيزَة,90,صِفَة;طَابِع;مَعْلَم;مَظْهَر
خَاصِّيَّة,"72,5",صِفَة;طَابِع;مَعْلَم;مَظْهَر
مَلْمَح,70,صِفَة;طَابِع;مَعْلَم;مَظْهَر
خَاصَّة,"22,5",صِفَة;طَابِع;مَعْلَم;مَظْهَر
وَصْف,"37,5",صِفَة;طَابِع;مَعْلَم;مَظْهَر
نَعْت,30,صِفَة;طَابِع;مَعْلَم;مَظْهَر
خَاصّيَّة,"72,5",صِفَة;طَابِع;مَعْلَم;مَظْهَر
بُعْد,"12,5",صِفَة;طَابِع;مَعْلَم;مَظْهَر
صِفَة مُمَيِّزَة,85,صِفَة;طَابِع;مَعْلَم;مَظْهَر
صِنْف,5,صِفَة;طَابِع;مَعْلَم;مَظْهَر
شَكْل,"7,5",صِفَة;طَابِع;مَعْلَم;مَظْهَر
مُطَاوَعَة,35,لَدَانَة;لُدُونَة;لُيُونَة;مُرُونَة
لَدَاْنَة,95,لَدَانَة;لُدُونَة;لُيُونَة;مُرُونَة
قَابِلِيَّة الطَرْق,55,لَدَانَة;لُدُونَة;لُيُونَة;مُرُونَة
وَحْدَة,"17,5",إجْتِمَاع;لِقَاء;مُقَابَلَة
جَمْع,"32,5",إجْتِمَاع;لِقَاء;مُقَابَلَة
دَمْج,"17,5",إجْتِمَاع;لِقَاء;مُقَابَلَة
تَلاقِي,"52,5",إجْتِمَاع;لِقَاء;مُقَابَلَة
نَدْوَة,55,إجْتِمَاع;لِقَاء;مُقَابَلَة
مُوَاجَهَة,"17,5",إجْتِمَاع;لِقَاء;مُقَابَلَة
مُصَادَفَة,20,إجْتِمَاع;لِقَاء;مُقَابَلَة
لَقْيَة,"12,5",إجْتِمَاع;لِقَاء;مُقَابَلَة
جَمِيْعَة,"17,5",إجْتِمَاع;لِقَاء;مُقَابَلَة
إِجْتِمَاع,100,إجْتِمَاع;لِقَاء;مُقَابَلَة
جَمِيعَة,"17,5",إجْتِمَاع;لِقَاء;مُقَابَلَة
تَجَمُّع,"37,5",إجْتِمَاع;لِقَاء;مُقَابَلَة
كَأْس,100,طَاسَة;كَأس;كُوب;قَدَح
فِنْجَان,"87,5",طَاسَة;كَأس;كُوب;قَدَح
تَحْرِير,"67,5",عَمَل كِتَابِي;كِتَابَة;مَادَّة مَكْتُوبَة
تَألِيف,70,عَمَل كِتَابِي;كِتَابَة;مَادَّة مَكْتُوبَة
مَسْعَى,"62,5",جُهْد;كِفَاح
عَمَل,70,جُهْد;كِفَاح
رِبْح صَافِي,80,فَائِدَة;كَسْب;رِبْح
رِبْح صَاف,80,فَائِدَة;كَسْب;رِبْح
مَرْبَح,"67,5",فَائِدَة;كَسْب;رِبْح
فَوَائِد,"87,5",فَائِدَة;كَسْب;رِبْح
دَخْل صَاف,70,فَائِدَة;كَسْب;رِبْح
صَافِي الرِّبْح,80,فَائِدَة;كَسْب;رِبْح
صَافِي الدَّخْل,"72,5",فَائِدَة;كَسْب;رِبْح
عَائِدَة,70,فَائِدَة;كَسْب;رِبْح
عَائِد,"82,5",فَائِدَة;كَسْب;رِبْح
أَرْبَاح,"97,5",فَائِدَة;كَسْب;رِبْح
نَفْع,75,فَائِدَة;كَسْب;رِبْح
وَظِيفَة,15,فَائِدَة;كَسْب;رِبْح
شَيء نَافِع,10,فَائِدَة;كَسْب;رِبْح
مَهَمَّة,"2,5",فَائِدَة;كَسْب;رِبْح
دَوْر,0,فَائِدَة;كَسْب;رِبْح
عَمَل,5,فَائِدَة;كَسْب;رِبْح
اِسْتِعْمَال,0,فَائِدَة;كَسْب;رِبْح
مَنْفَعَة,"67,5",فَائِدَة;كَسْب;رِبْح
جَدْوَى,"27,5",فَائِدَة;كَسْب;رِبْح
إِفَادَة,20,فَائِدَة;كَسْب;رِبْح
مُكَوِّن,100,عُنْصُر;جُزُء;مُكَوَّن
جُزء,100,عُنْصُر;جُزُء;مُكَوَّن
عَامِل,"72,5",عُنْصُر;جُزُء;مُكَوَّن
عُنْصُر كِيمْيَائِي,55,عُنْصُر;جُزُء;مُكَوَّن
عُنْصُر كِيمْيَاوِي,30,عُنْصُر;جُزُء;مُكَوَّن
قِسْم,"57,5",عُنْصُر;جُزُء;مُكَوَّن
جِزْء,85,عُنْصُر;جُزُء;مُكَوَّن
,,
قُرْب,"22,5",حارَة;حَيّ;جِوَاْر;جِيْرَة
نَاحِيَة,"32,5",حارَة;حَيّ;جِوَاْر;جِيْرَة
مَوْضَع,10,حارَة;حَيّ;جِوَاْر;جِيْرَة
جِوَار,100,حارَة;حَيّ;جِوَاْر;جِيْرَة
جَنْب,65,حارَة;حَيّ;جِوَاْر;جِيْرَة
حُجَّة مَنْطِقِيَّة,45,حِوَار;جَدَل;جِدَال
مُنَاقَشَة,75,حِوَار;جَدَل;جِدَال
مُنَاظَرَة,80,حِوَار;جَدَل;جِدَال
خِلاَف,"57,5",حِوَار;جَدَل;جِدَال
خِصَام,"27,5",حِوَار;جَدَل;جِدَال
خِلاف,55,حِوَار;جَدَل;جِدَال
نِزَاع,"57,5",حِوَار;جَدَل;جِدَال
جُرُم,30,بَدَن;جِذْع;جِسْم
جَسَد,80,بَدَن;جِذْع;جِسْم
هَيْئَة,"32,5",بَدَن;جِذْع;جِسْم
دَوْر,15,طَوَاف;دَوْرَة;جَوْلَة;تَطَوُّف
حَلَقَة,25,طَوَاف;دَوْرَة;جَوْلَة;تَطَوُّف
كَسْب,25,إِضَافَة;جَمْع;زِيَادَة
إِزْدِيَاد,45,إِضَافَة;جَمْع;زِيَادَة
تَعَاظُم,"17,5",إِضَافَة;جَمْع;زِيَادَة
نُمُو,"17,5",إِضَافَة;جَمْع;زِيَادَة
اِرْتِفَاع,"17,5",إِضَافَة;جَمْع;زِيَادَة
نَظَّمَ,"72,5",رَتَّبَ
حَكَمَ,20,رَتَّبَ
أَقَامَ,25,رَتَّبَ
نَظَّفَ,"12,5",رَتَّبَ
تَصَالَحَ,"2,5",رَتَّبَ
سَوَّى,70,رَتَّبَ
حَلَّ,25,رَتَّبَ
وَضَعَ,15,رَتَّبَ
كَوَنَ,10,رَتَّبَ
وَصَفَ,"12,5",رَسَمَ
خَطَّ,30,رَسَمَ
اِسْتَشَفَّ,35,رَسَمَ
صَوَّرَ,"17,5",رَسَمَ
مَثَّلَ,25,رَسَمَ
وَصَفَ,"7,5",رَسَمَ
صَوَّرَ,"17,5",رَسَمَ
مَثَّلَ,30,رَسَمَ
أَنْقَصَ بِالغَلْي,"12,5",رَكَّزَ
اِسْتَخْلَصَ بِالغَلْي,"17,5",رَكَّزَ
أَنْقَصَ,"7,5",رَكَّزَ
إِمْتَطَى,65,رَكِبَ
زَادَ,0,رَفَعَ
نَهَضَ,"12,5",رَفَعَ
حَمَلَ,85,رَفَعَ
أَنْهَضَ,"22,5",رَفَعَ
رَقَّى,"32,5",رَفَعَ
صَعِدَ,10,رَفَعَ
إِرْتَفَعَ,"12,5",رَفَعَ
حَرَّكَ,70,رَفَعَ
تَصَاعَدَ,5,رَفَعَ
تَعَالَى,"7,5",رَفَعَ
إِنْبَعَثَ,0,رَفَعَ
أَبَى,90,رَفَضَ
أَنْكَرَ,35,رَفَضَ
جَحَدَ,40,رَفَضَ
حَرَمَ,"82,5",رَفَضَ
عَارَضَ,90,رَفَضَ
نَفَى,"52,5",رَفَضَ
اِعْتَرَضَ,"87,5",رَفَضَ
نَقَضَ,30,رَفَضَ
تَرَاجَعَ,"17,5",رَفَضَ
إِمْتَنَعَ عَن,"52,5",رَفَضَ
خَالَفَ,20,رَفَضَ
فَنَّدَ,"37,5",رَفَضَ
تَبَرَّأَ مِن,20,رَفَضَ
أَنْكََرَ,"42,5",رَفَضَ
إِعْتَرَضَ,"87,5",رَفَضَ
ثَقَّفَ,"52,5",رَبَّى
هّذَّبَ,75,رَبَّى
دَرَّسَ,60,رَبَّى
دَرَّبَ,"47,5",رَبَّى
عَلَّمَ,70,رَبَّى
زَرَعَ,"82,5",رَبَّى
أَنْتَجَ,"27,5",رَبَّى
وَلَّدَ,"27,5",رَبَّى
أنْجَبَ,10,رَبَّى
أَوْرَثَ,10,رَبَّى
خَفَقَ,"22,5",قَرَعَ
رَفْرَفَ,"7,5",قَرَعَ
نَبَضَ,15,قَرَعَ
دَقَّ,85,قَرَعَ
طَرَقَ,"72,5",قَرَعَ
صَفَّقَ بِجَنَاحَيْه,"17,5",قَرَعَ
نَقَرَ,"72,5",قَرَعَ
ضَرَبَ,80,قَرَعَ
تَعَلَّمَ,"17,5",قَرَأَ
دَرَسَ,"22,5",قَرَأَ
أَخَذَ,"12,5",قَرَأَ
فَسَّرَ,35,قَرَأَ
فَهِمَ,20,قَرَأَ
سَمِعَ,0,قَرَأَ
تَعَلَّمَ,25,قَرَأَ
دَرَسَ,15,قَرَأَ
أَخَذَ,5,قَرَأَ
فَسَّرَ,80,قَرَأَ
فَهِمَ,75,قَرَأَ
سَمِعَ,"2,5",قَرَأَ
وَازَنَ,65,قَارَنَ
شَابَه,55,قَارَنَ
خَاطَرَ,"37,5",قَامَرَ
غَامَرَ,"62,5",قَامَرَ
رَاهَنَ,85,قَامَرَ
سَلَكَ,"22,5",قَامَ بِ
عَمِلَ,"47,5",قَامَ بِ
أَعْطَى,"17,5",قَامَ بِ
نَفَّذَ,70,قَامَ بِ
أَدَّى,"82,5",قَامَ بِ
سَدَّدَ,"37,5",قَامَ بِ
دَفَعَ,"42,5",قَامَ بِ
سَدَّدَ دَيْنَه,"37,5",قَامَ بِ
سَدَّدَ حِسَابَه,"37,5",قَامَ بِ
دَفَعَ مَا عَلَيْه,50,قَامَ بِ
أَدَّى مَا عَلَيْه,45,قَامَ بِ
زَعَمَ,60,قَالَ
رَوى,"47,5",قَالَ
صَرَّحَ,50,قَالَ
أَخْبَرَ,80,قَالَ
أَوْرَدَ,"37,5",قَالَ
أَمَرَ,35,قَالَ
لَفَظَ,60,قَالَ
تَرَأَّسَ,15,قَادَ
تَقَدَّمَ,"12,5",قَادَ
سَبَقَ,"7,5",قَادَ
فَاقَ,5,قَادَ
عَلا,"7,5",قَادَ
تَفَوَّقَ,5,قَادَ
سَاقَ,"77,5",قَادَ
وَجَّهَ,"77,5",قَادَ
سَيَّرَ,50,قَادَ
حَرَّكَ,"67,5",قَادَ
أَرْشَدَ,35,قَادَ
أَدَارَ,"12,5",قَادَ
امْتَدَّ,"2,5",قَادَ
هَدَى,30,قَادَ
حَوَّلَ,"47,5",نَقَلَ
بَعَثَ,"77,5",نَقَلَ
أَرْسَلَ,85,نَقَلَ
حَمَلَ,"87,5",نَقَلَ
شَحَنَ,"87,5",نَقَلَ
أَبْلَغَ,15,نَقَلَ
اِنْتَمَى,"27,5",نَاسَبَ
لَاءَمَ,90,نَاسَبَ
وَافَقَ,"77,5",نَاسَبَ
لاءَمَ,90,نَاسَبَ
اِتَّفَقَ,"47,5",نَاسَبَ
تَنَاغَم,60,نَاسَبَ
لائَمَ,90,نَاسَبَ
اِنْسَجَمَ مَعَ,70,نَاسَبَ
واءَمَ,85,نَاسَبَ
تَصَرَّف,30,مَارَسَ
سَلَكَ,25,مَارَسَ
قَامَ بِ,85,مَارَسَ
فَعَلَ,"82,5",مَارَسَ
عَمِلَ,"87,5",مَارَسَ
مَسَكَ,65,لَمَسَ
حَمَلَ,35,لَمَسَ
تَلَمَّسَ,"72,5",لَمَسَ
مَسَّ,80,لَمَسَ
جَسَّ,"82,5",لَمَسَ
لامَسَ,70,لَمَسَ
اِتَّصَلَ,"17,5",لَمَسَ
اِتَّحَدَ,"7,5",لَمَسَ
اِلْتَقَى,"7,5",لَمَسَ
تَعَلَّقَ,"7,5",لَمَسَ
هَمَّ,0,لَمَسَ
أَفَادَ,0,لَمَسَ
أَشَارَ,0,لَمَسَ
أَثَّرَ فِي,5,لَمَسَ
أَثَّرَ عَلَى,"2,5",لَمَسَ
أَثَّرَ,5,لَمَسَ
لَهَا,60,لَعِبَ
عَبَثَ,15,لَعِبَ
تَلَهَّى,"27,5",لَعِبَ
عَبِثَ,15,لَعِبَ
وَضَعَ,"27,5",كَوَنَ
أَقَامَ,"42,5",كَوَنَ
أَنْشَأَ,"77,5",كَوَنَ
رَتَّبَ,20,كَوَنَ
نَظَّفَ,"2,5",كَوَنَ
نَظَّمَ,"57,5",كَوَنَ
كَوَّنَ,100,كَوَنَ
أَلَّفَ,"47,5",كَوَنَ
شَكَّلَ,"92,5",كَوَنَ
أَحْدَثَ,"62,5",كَوَنَ
سَبَّبَ,"67,5",كَوَنَ
أَعَدَّ,"57,5",كَوَنَ
صَنَعَ,90,كَوَنَ
خَطَّ,35,كَتَبَ
دَوَّنَ,"77,5",كَتَبَ
وَضَعَ,5,كَتَبَ
سَجَّلَ,"37,5",كَتَبَ
قَيَّدَ,"2,5",كَتَبَ
نَظَمَ,"2,5",كَتَبَ
ألَّفَ,30,كَتَبَ
خَطَّ,"32,5",كَتَبَ
دَوَّنَ,"82,5",كَتَبَ
وَضَعَ,"7,5",كَتَبَ
سَجَّلَ,70,كَتَبَ
قَيَّدَ,"2,5",كَتَبَ
نَظَمَ,"2,5",كَتَبَ
ألَّفَ,"27,5",كَتَبَ
نَمَى,"92,5",كَبُرَ
نَبَت,60,كَبُرَ
نَمى,"92,5",كَبُرَ
نَضَجَ,"67,5",كَبُرَ
ظَهَرَ,20,كَبُرَ
وُجِدَ,45,كَانَ
عَاشَ,"37,5",كَانَ
,,
,,
رَقَدَ,"22,5",جَلَسَ
جَثَمَ,75,جَلَسَ
قَعَدَ,"97,5",جَلَسَ
أَقْعَدَ,85,جَلَسَ
أَجْلَسَ,80,جَلَسَ
تَبَدَّلَ,"42,5",غَيَّرَ
تَغَيَّرَ,"47,5",غَيَّرَ
بَدَّلَ,"92,5",غَيَّرَ
تَقَلَّبَ,"32,5",غَيَّرَ
تَنَوَّعَ,"7,5",غَيَّرَ
تَفَاوَتَ,"7,5",غَيَّرَ
قَلَبَ,"7,5",غَيَّرَ
غَيَّر,100,غَيَّرَ
عَدَّلَ,"17,5",غَيَّرَ
اِخْتَلَفَ,"17,5",غَيَّرَ
تَحَوَّلَ,"12,5",غَيَّرَ
حَوَّلَ,30,غَيَّرَ
أبْدَلَ,"82,5",غَيَّرَ
اِرْتَدَّ,15,غَيَّرَ
اِنْقَلَبَ,"2,5",غَيَّرَ
مَسَخَ,10,غَيَّرَ
تَبَادَلَ,20,غَيَّرَ
بَادَلَ,20,غَيَّرَ
أزَاحَ,"2,5",غَيَّرَ
حَوَّل,"12,5",غَيَّرَ
أحَالَ,"2,5",غَيَّرَ
فَارَ,70,غَلَى
اِتَّقَدَ غَيْظًا,"7,5",غَلَى
اِسْتَشَاطَ,"17,5",غَلَى
اِهْتَاجَ,15,غَلَى
اِشْتَعَلَ غَضَبًا,"2,5",غَلَى
زَبَدَ,5,غَلَى
رَغَا,5,غَلَى
إِهْتَاجَ,15,غَلَى
,,
,,
,,
,,
,,
,,
,,
,,
حَمَى مِن هُجُوم,"2,5",غَطَّى
حَمَى,"12,5",غَطَّى
أمَّنَ,65,غَطَّى
,,
,,
,,
,,
,,
,,
نَقَصَ,25,فَقَدَ
ضَيَّعَ,85,فَقَدَ
أَضَاعَ,80,فَقَدَ
خَمَّن,40,فَكَّرَ
تَفَكَّرَ,70,فَكَّرَ
تَدَبَّرَ,"72,5",فَكَّرَ
تَمَعَّنَ,"57,5",فَكَّرَ
خَمَّنَ,40,فَكَّرَ
اِفْتَرَضَ,25,فَكَّرَ
تَذَكَّرَ,"7,5",فَكَّرَ
اِسْتَرْجَعَ,"12,5",فَكَّرَ
ااِسْتَدْعَى,"2,5",فَكَّرَ
أَعَادَ,0,فَكَّرَ
ذَكَرَ,"7,5",فَكَّرَ
تَأمَلَ,60,فَكَّرَ
تَبَصَّرَ,50,فَكَّرَ
تَأمَّلَ,60,فَكَّرَ
اِسْتَغْرَقَ,0,فَكَّرَ
أجَالَ الفِكْر,45,فَكَّرَ
أعْمَلَ الفِكْر,50,فَكَّرَ
سَمِعَ,5,فَهِمَ
أَدْرَكَ,"87,5",فَهِمَ
فَسَّرَ,30,فَهِمَ
أَخَذَ,"2,5",فَهِمَ
تَيَقَّنَ,45,فَهِمَ
تَعَلَّمَ,"92,5",دَرَسَ
قَرَأَ,40,دَرَسَ
أَخَذَ,10,دَرَسَ
اِكْتَسَبَ,30,دَرَسَ
نَظَرَ فِي,"12,5",دَرَسَ
فَحَصَ,"17,5",دَرَسَ
عَايَنَ,20,دَرَسَ
حَلَّلَ,"32,5",دَرَسَ
نَاقَشَ,"17,5",دَرَسَ
إِعْتَبَرَ,5,دَرَسَ
رَاعَى,0,دَرَسَ
بَحَثَ,"52,5",دَرَسَ
شَرَّحَ,20,دَرَسَ
طَلَى,"87,5",دَهَنَ
صَبَغَ,85,دَهَنَ
خَضَّبَ,"72,5",دَهَنَ
لَوَّنَ,"82,5",دَهَنَ
سَدَّدَ,"87,5",دَفَعَ
أَدَّى,10,دَفَعَ
عَوَّضَ,"67,5",دَفَعَ
سَدَّدَ دَيْنَه,80,دَفَعَ
سَدَّدَ حِسَابَه,80,دَفَعَ
دَفَعَ مَا عَلَيْه,"77,5",دَفَعَ
أَدَّى مَا عَلَيْه,60,دَفَعَ
قَامَ بِ,5,دَفَعَ
بَادَرَ,85,بَدَأَ
اِبْتَدَأَ,80,بَدَأَ
شَرَعَ,85,بَدَأَ
أَنْشَأَ,"12,5",بَدَأَ
بَدَأَ بِالتَعَامُل مَعَ,25,بَدَأَ
بَاشَرَ,90,بَدَأَ
اِسْتَهَلَّ,"72,5",بَدَأَ
شَرَعَ بِ,"82,5",بَدَأَ
خَانَ,20,بَاعَ
تَاجَرَ,80,بَاعَ
تَعَامَلَ,10,بَاعَ
تَاجَر,80,بَاعَ
إنْباعَ,"52,5",بَاعَ
,,
,,
,,
,,
,,
تَطَلَّبَ,45,طَلَبَ
لَزِمَ,50,طَلَبَ
طَالَبَ,70,طَلَبَ
اِسْتَدْعَى,55,طَلَبَ
اِحْتَاجَ,"22,5",طَلَبَ
اِشتَرَطَ,15,طَلَبَ
دَعَا,"57,5",طَلَبَ
اِسْتَدْعّى,"47,5",طَلَبَ
نَظَّفَ,65,طَهَّرَ
غَسَلَ,55,طَهَّرَ
,,
طَهَى,90,طَبَخَ
رَوى,"47,5",صَرَّحَ
قَالَ,90,صَرَّحَ
أَخْبَرَ,75,صَرَّحَ
أَوْرَدَ,35,صَرَّحَ
زَعَمَ,"47,5",صَرَّحَ
أَمَرَ,25,صَرَّحَ
لَفَظَ,"42,5",صَرَّحَ
أَعْلَنَ,80,صَرَّحَ
اِعْتَبَرَ,15,صَرَّحَ
اِفْتَرَضَ,"2,5",صَرَّحَ
زَعَقَ,"67,5",صَرَخَ
صَاحَ,"92,5",صَرَخَ
هَتَفَ,60,صَرَخَ
تَزَعْزَعَ,85,قَلَبَ;زَعْزَعَ
فَقَدَ الاِسْتِقْرَار,"72,5",قَلَبَ;زَعْزَعَ
شَاهَدَ,"17,5",سَافَر إلى;زَارَ
أَتْلَفَ,"72,5",دَمَّرَ;هَدَّمََ;خَرَّبَ
زَحْزَحَ,30,خَلَّصَ
أَزَاحَ,"57,5",خَلَّصَ
أَدَّى إِلَى,10,أبْدَعَ;خَلَقَ
بَنَى,15,أبْدَعَ;خَلَقَ
أَنْشَأَ,45,أبْدَعَ;خَلَقَ
عَمِلَ,45,أبْدَعَ;خَلَقَ
أَنْجَزَ,"32,5",أبْدَعَ;خَلَقَ
أَوْجَدَ,75,أبْدَعَ;خَلَقَ
أَنْتَجَ,75,أبْدَعَ;خَلَقَ
دَمَجَ,"77,5",مَزَجَ;خَلَطَ
رَكَّبَ,"32,5",مَزَجَ;خَلَطَ
خَلَط,100,مَزَجَ;خَلَطَ
ضَمَّ,"47,5",مَزَجَ;خَلَطَ
قَرَعَ,"12,5",رَفْرَفَ;خَفَقَ
دَقَّ,"7,5",رَفْرَفَ;خَفَقَ
اِرْتَعَشَ,"17,5",رَفْرَفَ;خَفَقَ
نَقَرَ,10,رَفْرَفَ;خَفَقَ
قَضَى,25,خَدَمَ;خَدَّمَ
كَفَى,"37,5",خَدَمَ;خَدَّمَ
ألَّفَ,40,دَوَّنَ;كَتَبَ;خَطَّ
وَضَعَ,"27,5",دَوَّنَ;كَتَبَ;خَطَّ
قَيَّدَ,"2,5",دَوَّنَ;كَتَبَ;خَطَّ
أَدْخَلَ,15,دَوَّنَ;كَتَبَ;خَطَّ
قَرْصَنَ,"17,5",اِنْتَزَعَ;اِخْتَطَفَ;خَطَفَ
دَعَسَ,"12,5",مَشَى;تَقَدَّمَ;خَطَا
سَارَ فِي مَوْكِب,"57,5",مَشَى;تَقَدَّمَ;خَطَا
شَارَكَ فِي مَوْكِب,20,مَشَى;تَقَدَّمَ;خَطَا
وَاصَلَ,40,مَشَى;تَقَدَّمَ;خَطَا
مَرَّ,"47,5",مَشَى;تَقَدَّمَ;خَطَا
ذَهَبَ,"62,5",مَشَى;تَقَدَّمَ;خَطَا
تَحَرَّكَ,85,مَشَى;تَقَدَّمَ;خَطَا
قَادَ,"12,5",مَشَى;تَقَدَّمَ;خَطَا
أَعْطَى,60,أَذْعَنَ;سَلَّمَ;خَضَعَ
أَمْضَى تَعَاقُدَاً,90,صَادَقَ عَلَى;وَقَّعَ
سَجَّلَ,"17,5",شَغَّلَ;اِسْتَخْدَمَ;وَظَّفَ
دَوَّنَ,"7,5",شَغَّلَ;اِسْتَخْدَمَ;وَظَّفَ
أَدْرَجَ,"27,5",شَغَّلَ;اِسْتَخْدَمَ;وَظَّفَ
أَنْشَأََ,20,شَغَّلَ;اِسْتَخْدَمَ;وَظَّفَ
حَرَّكَ,"22,5",شَغَّلَ;اِسْتَخْدَمَ;وَظَّفَ
طَبَّقَ,45,شَغَّلَ;اِسْتَخْدَمَ;وَظَّفَ
اِسْتَعْمَلَ,"62,5",شَغَّلَ;اِسْتَخْدَمَ;وَظَّفَ
أَخَذَ,"17,5",شَغَّلَ;اِسْتَخْدَمَ;وَظَّفَ
أَدَارَ,"27,5",شَغَّلَ;اِسْتَخْدَمَ;وَظَّفَ
عَشَّقَ,"2,5",شَغَّلَ;اِسْتَخْدَمَ;وَظَّفَ
شَبَّكَ,"12,5",شَغَّلَ;اِسْتَخْدَمَ;وَظَّفَ
عَيَّنَ,85,شَغَّلَ;اِسْتَخْدَمَ;وَظَّفَ
حَمَلَ,5,وَصَلَ
وَصَلَ إِلَى,100,وَصَلَ
تَوَصُّل إِلَى,"32,5",وَصَلَ
رَبَطَ,35,وَحَّدَ
مَزَجَ,60,وَحَّدَ
وَصَّلَ,"32,5",وَحَّدَ
اِقْتَرَنَ,45,وَحَّدَ
خَلَطَ,20,وَحَّدَ
رَكَّبَ,10,وَحَّدَ
زَعْزَعَ,"77,5",فَقَدَ الاِسْتِقْرَار;تَزَعْزَعَ
هَيْمَنَ,"62,5",سَيْطَرَ;تَمَكَّنَ
مَلَكَ,"47,5",سَيْطَرَ;تَمَكَّنَ
عَمَّ,"27,5",سَيْطَرَ;تَمَكَّنَ
قَيَّدَ,35,سَيْطَرَ;تَمَكَّنَ
رَاقَبَ,"7,5",أَعْقَبَ;تَبِعَ;تَلاَ
نَتَجَ,"2,5",أَعْقَبَ;تَبِعَ;تَلاَ
تَبَنَّى,"2,5",أَعْقَبَ;تَبِعَ;تَلاَ
لَحِقَ,85,أَعْقَبَ;تَبِعَ;تَلاَ
لاحَقَ,"52,5",أَعْقَبَ;تَبِعَ;تَلاَ
خَطَبَ فِي,30,تَحَدَّثَ;تَكَلَّمَ
خَاطَب,"62,5",تَحَدَّثَ;تَكَلَّمَ
كَلَّمَ,85,تَحَدَّثَ;تَكَلَّمَ
تَلَفَّظَ,"42,5",تَحَدَّثَ;تَكَلَّمَ
تَفَوَّه,"52,5",تَحَدَّثَ;تَكَلَّمَ
لَفَظَ,40,تَحَدَّثَ;تَكَلَّمَ
أَلْقَى خِطَابَاً,35,تَحَدَّثَ;تَكَلَّمَ
بَدَّلَ,35,غَلُظَ;تَغَيَّرَ
قَلَبَ,"52,5",غَلُظَ;تَغَيَّرَ
تَقَلَّبَ,"27,5",غَلُظَ;تَغَيَّرَ
تَفَاوَتَ,25,غَلُظَ;تَغَيَّرَ
عَدَّلَ,"22,5",غَلُظَ;تَغَيَّرَ
غَيَّرَ,"67,5",غَلُظَ;تَغَيَّرَ
حَوَّلَ,"37,5",غَلُظَ;تَغَيَّرَ
تَسَاقَطَ,"52,5",تَفَتَّتَ;تَكَسَّرَ
تَكَوَّمَ,"17,5",تَفَتَّتَ;تَكَسَّرَ
اِنْكَسَرَ,85,تَفَتَّتَ;تَكَسَّرَ
تَفَسَّخَ,"62,5",تَفَتَّتَ;تَكَسَّرَ
اِنْهَارَ,75,تَفَتَّتَ;تَكَسَّرَ
تَحَطَّمَ,80,تَفَتَّتَ;تَكَسَّرَ
حَلَّ,15,تَفَتَّتَ;تَكَسَّرَ
قَدَّمَ,65,عَرَضَ;تَطَوَّعَ
طَرَحَ,60,عَرَضَ;تَطَوَّعَ
أَبْرَزَ,10,عَرَضَ;تَطَوَّعَ
جَنَّدَ,"2,5",عَرَضَ;تَطَوَّعَ
تَوَقَّفَ,55,اِنْهَار;تَعَطَّلَ
تَسَاقَطَ,"52,5",اِنْهَار;تَعَطَّلَ
تَكَوَّمَ,"7,5",اِنْهَار;تَعَطَّلَ
سَقَطَ,"82,5",اِنْهَار;تَعَطَّلَ
حَلَّ,"12,5",اِنْهَار;تَعَطَّلَ
تَرَنَّحَ,"77,5",تَأَرْجَحَ;تَمَايَلَ
مَالَ,90,تَأَرْجَحَ;تَمَايَلَ
أَمَالَ,65,تَأَرْجَحَ;تَمَايَلَ
تَسَارَعَ,70,سَرَّعَ
أسْرَعَ,95,سَرَّعَ
اِسْتَعْجَلَ,65,سَرَّعَ
عَجَّلَ,"67,5",سَرَّعَ
اِنْطَلَقَ بِسُرْعَة,"82,5",سَرَّعَ
تَحَرَّكَ بِسُرْعَة,85,سَرَّعَ
اِنْخَفَضَ,30,سَقَطَ;سَقَطَ عَلَى
نَزَلَ,35,سَقَطَ;سَقَطَ عَلَى
هَمَدَ,50,سَقَطَ;سَقَطَ عَلَى
غَطَسَ,"62,5",سَقَطَ;سَقَطَ عَلَى
غَاصَ,"67,5",سَقَطَ;سَقَطَ عَلَى
حَلَّ,"2,5",سَقَطَ;سَقَطَ عَلَى
إِسْتَوْطَنَ,0,سَقَطَ;سَقَطَ عَلَى
وَضََعَ السُّمَّ فِي,95,دَسَّ السُّمّ فِي;قَتَلَ بِالسُّم;سَمَّمَ
تَرَكَ,70,سَمَحَ
وافَقَ,"27,5",سَمَحَ
قَبِلَ,"72,5",سَمَحَ
أَيَّدَ,25,سَمَحَ
أَذِنَ,"72,5",سَمَحَ
أَتَاحَ,"87,5",سَمَحَ
أَدْخَلَ,25,سَمَحَ
أَعْطَى,5,سَمَحَ
وَضَعَ,45,دَوَّنَ;قَيَّدَ;سَجَّلَ
جَنَّدَ,"22,5",دَوَّنَ;قَيَّدَ;سَجَّلَ
أَدْرَجَ,"77,5",دَوَّنَ;قَيَّدَ;سَجَّلَ
كَتَبَ,90,دَوَّنَ;قَيَّدَ;سَجَّلَ
أَشَارَ إِلَى,"12,5",دَوَّنَ;قَيَّدَ;سَجَّلَ
سَجَّلَ فِي قَائِمَة,85,دَوَّنَ;قَيَّدَ;سَجَّلَ
خَطَّ,40,دَوَّنَ;قَيَّدَ;سَجَّلَ
يَسَّرَ,"72,5",سَاعَدَ;سَهَّلَ
أَعَانَ,"82,5",سَاعَدَ;سَهَّلَ
خَدَمَ على المَائِدَة,10,سَاعَدَ;سَهَّلَ
قَذَّمَ,10,سَاعَدَ;سَهَّلَ
عَاضَدَ,65,سَاعَدَ;سَهَّلَ
تَسَاءَلَ,"72,5",سَألَ
اِسْتَخْبَرَ,"52,5",سَألَ
اِسْتَعْلَمَ,"67,5",سَألَ
عَيَّنَ,90,نَصَّبَ;رَسَّمَ;وَسَّمَ
أَمَرَ,25,نَصَّبَ;رَسَّمَ;وَسَّمَ
قَعَدَ,90,جَلَسَ;جَثَمَ;رَقَدَ
كَمَنَ,"62,5",جَلَسَ;جَثَمَ;رَقَدَ
أَجْلَسَ,60,جَلَسَ;جَثَمَ;رَقَدَ
جَرَى,"92,5",قَطَعَ جَرْيَاً;قَطَعَ رَكْضَاً;رَكَضَ
سَالَ,10,قَطَعَ جَرْيَاً;قَطَعَ رَكْضَاً;رَكَضَ
عَدَا,"82,5",قَطَعَ جَرْيَاً;قَطَعَ رَكْضَاً;رَكَضَ
أَنْكَرَ,"62,5",اِعْتَرَضَ;عَارَضَ;رَفَضَ
خَالَفَ,70,اِعْتَرَضَ;عَارَضَ;رَفَضَ
قَاوَمَ,"22,5",اِعْتَرَضَ;عَارَضَ;رَفَضَ
نَقَضَ,25,اِعْتَرَضَ;عَارَضَ;رَفَضَ
تَبَرَّأَ مِن,"17,5",اِعْتَرَضَ;عَارَضَ;رَفَضَ
إِعْتَرَضَ,"97,5",اِعْتَرَضَ;عَارَضَ;رَفَضَ
نَاقَضَ,"12,5",اِعْتَرَضَ;عَارَضَ;رَفَضَ
أَبَى,"72,5",اِعْتَرَضَ;عَارَضَ;رَفَضَ
حَذَفَ,"7,5",اِعْتَرَضَ;عَارَضَ;رَفَضَ
اِخْتَلَفَ,"22,5",اِعْتَرَضَ;عَارَضَ;رَفَضَ
احْتَجَّ,90,اِعْتَرَضَ;عَارَضَ;رَفَضَ
أوْقَفَ,15,اِعْتَرَضَ;عَارَضَ;رَفَضَ
ضَرَبَ,"47,5",قَتَلَ رَمْيَاً بِالرَّصَاص;قَتَلَ بِإِطْلاق النَّار
أَطْلَقَ,"87,5",قَتَلَ رَمْيَاً بِالرَّصَاص;قَتَلَ بِإِطْلاق النَّار
قَلَّصَ,80,صَغَّرَ;قَلَّلَ
رَقَّ,"27,5",صَغَّرَ;قَلَّلَ
نَحُفَ,30,صَغَّرَ;قَلَّلَ
خَفَّضَ,75,صَغَّرَ;قَلَّلَ
صَعِدَ,90,قَفَزَ
ظَهَرَ,20,قَفَزَ
اِرْتَفَعَ,"82,5",قَفَزَ
تَعَالَى,"67,5",قَفَزَ
إِنْبَعَثَ,15,قَفَزَ
صَعَدَ,90,قَفَزَ
بَزَغَ,"72,5",قَفَزَ
إِرْتَفَعَ,"82,5",قَفَزَ
سَيَّرَ,"37,5",قَادَ;سَاقَ
أَرْشَدَ,"7,5",قَادَ;سَاقَ
تَرَأَّسَ,"7,5",قَادَ;سَاقَ
تَقَدَّمَ,5,قَادَ;سَاقَ
لاقَى,"92,5",اِلْتَقَى;قَابَلَ
لامَسَ,"12,5",اِلْتَقَى;قَابَلَ
اِتَّحَدَ,30,اِلْتَقَى;قَابَلَ
اِجْتَمَعَ,80,اِلْتَقَى;قَابَلَ
جَمَّعَ,"27,5",اِلْتَقَى;قَابَلَ
حَشَدَ,20,اِلْتَقَى;قَابَلَ
لَقِيَ,80,اِلْتَقَى;قَابَلَ
حَمَلَ,"67,5",أَخْبَرَ;عَبَّرَ;نَقَلَ
أَرْسَلَ,85,أَخْبَرَ;عَبَّرَ;نَقَلَ
أَبْلَغَ,90,أَخْبَرَ;عَبَّرَ;نَقَلَ
أَوْصَلَ,70,أَخْبَرَ;عَبَّرَ;نَقَلَ
بَلَّغَ,90,أَخْبَرَ;عَبَّرَ;نَقَلَ
بَعَثَ,35,أَخْبَرَ;عَبَّرَ;نَقَلَ
أَبْدَى,15,أَخْبَرَ;عَبَّرَ;نَقَلَ
قَدَّمَ,"27,5",أَخْبَرَ;عَبَّرَ;نَقَلَ
نَشَرَ,80,أَخْبَرَ;عَبَّرَ;نَقَلَ
كَشَفَ,"42,5",أَخْبَرَ;عَبَّرَ;نَقَلَ
أَعْلَنَ,"77,5",أَخْبَرَ;عَبَّرَ;نَقَلَ
أَعْلَمَ,"82,5",أَخْبَرَ;عَبَّرَ;نَقَلَ
طَارَ,"57,5",طَيَّرَ;نَقَلَ جَوَّا;نَقَلَ
نَمى,100,كَبُرَ;نَبَت;نَمَى
ظَهَرَ,65,كَبُرَ;نَبَت;نَمَى
نَفَّذَ,95,نَفَّدَ
أَنْجَزَ,"62,5",نَفَّدَ
مَثَّلَ,"22,5",نَفَّدَ
سَلَكَ,"2,5",نَفَّدَ
عَمِلَ,80,نَفَّدَ
اِسْتَمَرَّ,15,نَفَّدَ
تَابَع,15,نَفَّدَ
أَتَمَّ,"82,5",نَفَّدَ
أَكْمَلَ,"22,5",نَفَّدَ
تَوَقَّفَ,55,نَفَدَ
اِنْتَهَى,"72,5",نَفَدَ
تَكَوَّنَ,"12,5",نَظَّمَ;رَتَّبَ
تَشَكَّلَ,10,نَظَّمَ;رَتَّبَ
كَوَّنَ,"12,5",نَظَّمَ;رَتَّبَ
أَنْشَأَ,15,نَظَّمَ;رَتَّبَ
شَكَّلَ,30,نَظَّمَ;رَتَّبَ
أعَدَّ,"52,5",نَظَّمَ;رَتَّبَ
كَوَنَ,"12,5",نَظَّمَ;رَتَّبَ
صَنَّفَ,70,نَظَّمَ;رَتَّبَ
أَعْطَى دَرَجَة,"12,5",نَظَّمَ;رَتَّبَ
نَظَّم,100,نَظَّمَ;رَتَّبَ
أَزَالَ,"62,5",غَسَلَ;نَظَّفَ
طَهَّرَ,45,غَسَلَ;نَظَّفَ
صَرَخَ,75,صَاحَ;دَعَا;نَادَى
طَالَبَ,35,صَاحَ;دَعَا;نَادَى
طَلَبَ لِلْحُضُور,"52,5",صَاحَ;دَعَا;نَادَى
حَشَدَ,10,صَاحَ;دَعَا;نَادَى
هاَتَفَ,50,صَاحَ;دَعَا;نَادَى
زَعَقَ,70,صَاحَ;دَعَا;نَادَى
فَصَلَ,85,فَرَّقَ;مَيَّزَ
وَصَفَ,5,فَرَّقَ;مَيَّزَ
تَمَيَّزَ,55,فَرَّقَ;مَيَّزَ
مَثَّلَ دَوْر,85,مَثَّلَ
صَوَّرَ,10,مَثَّلَ
أَدَّى,"37,5",مَثَّلَ
نَابَ عَن,5,مَثَّلَ
جَسَّدَ,40,مَثَّلَ
عَرَضَ,"67,5",مَثَّلَ
عَمِلَ,"17,5",مَثَّلَ
تَقَدَّمَ,60,مَشَى;تَمَشَّى;خَطَا
تَجَوَّلَ,"57,5",مَشَى;تَمَشَّى;خَطَا
دَعَسَ,"12,5",مَشَى;تَمَشَّى;خَطَا
خَرَجَ فِي مَسِيرَة,"47,5",مَشَى;تَمَشَّى;خَطَا
شَارَكَ فِي مَوْكِب,"47,5",مَشَى;تَمَشَّى;خَطَا
عَلَّقَ,"2,5",لاحَظَ
اِكْتَشَفَ,65,لاحَظَ
أَبْدَى مُلاحَظَة,85,لاحَظَ
تَعَقَّبَ,"27,5",لاحَظَ
أَدْرَكَ,"92,5",لاحَظَ
حَافَظَ عَلَى,5,لاحَظَ
دَوَّنَ,5,لاحَظَ
تَدَرَّبَ,10,أَعَادَ;عَاوَدَ;كَرَّرَ
صَدِيَ,5,أَعَادَ;عَاوَدَ;كَرَّرَ
عَادَ,"57,5",أَعَادَ;عَاوَدَ;كَرَّرَ
أرْجَعَ,45,أَعَادَ;عَاوَدَ;كَرَّرَ
إِرْتَدَّ,10,أَعَادَ;عَاوَدَ;كَرَّرَ
أَرْجَعَ,45,أَعَادَ;عَاوَدَ;كَرَّرَ
أَعَادَ المَال,"7,5",أَعَادَ;عَاوَدَ;كَرَّرَ
جَثَمَ,50,جَلَسَ;قَعَدَ
أَقْعَدَ,"67,5",جَلَسَ;قَعَدَ
جَفَّ,"77,5",جَفَّفَ;نَشَّفَ
تَخَلَّى عَن,100,هَجَرَ;تَرَكَ;تَخَلَّى عن
تَنَازَل عن,80,هَجَرَ;تَرَكَ;تَخَلَّى عن
اِسْتَسْلَمَ,35,هَجَرَ;تَرَكَ;تَخَلَّى عن
تَوَقَّفَ,"12,5",هَجَرَ;تَرَكَ;تَخَلَّى عن
سَمَحَ,20,هَجَرَ;تَرَكَ;تَخَلَّى عن
عَزَفَ عَن,"72,5",هَجَرَ;تَرَكَ;تَخَلَّى عن
أَحْجَمَ,30,هَجَرَ;تَرَكَ;تَخَلَّى عن
أَقْلَعَ,"67,5",هَجَرَ;تَرَكَ;تَخَلَّى عن
قَطَعَ,15,هَجَرَ;تَرَكَ;تَخَلَّى عن
أَنْهى,20,هَجَرَ;تَرَكَ;تَخَلَّى عن
هَجَمَ,"92,5",أَغَارَ;هَجَم
اعْتَدَى,"87,5",أَغَارَ;هَجَم
هَاجَمَ,"97,5",أَغَارَ;هَجَم
شَنَّ هُجُومَاً,95,أَغَارَ;هَجَم
اِرْتَحَلَ,"87,5",اِغْتَرَبَ;هَاجَرَ;نَزَحَ
بَلَّغَ,90,أَوْصَلَ;أَخْبَرَ;نَقَلَ;خَبَّرَ
أَرْسَلَ,30,أَوْصَلَ;أَخْبَرَ;نَقَلَ;خَبَّرَ
أَبْلَغَ,"87,5",أَوْصَلَ;أَخْبَرَ;نَقَلَ;خَبَّرَ
أَفَادَ,70,أَوْصَلَ;أَخْبَرَ;نَقَلَ;خَبَّرَ
أَطْلَعَ,75,أَوْصَلَ;أَخْبَرَ;نَقَلَ;خَبَّرَ
أَعْلَمَ,85,أَوْصَلَ;أَخْبَرَ;نَقَلَ;خَبَّرَ
عَبَّرَ,"67,5",أَوْصَلَ;أَخْبَرَ;نَقَلَ;خَبَّرَ
حَوَّلَ,"27,5",أَوْصَلَ;أَخْبَرَ;نَقَلَ;خَبَّرَ
حَمَلَ,5,أَوْصَلَ;أَخْبَرَ;نَقَلَ;خَبَّرَ
بَعَثَ,20,أَوْصَلَ;أَخْبَرَ;نَقَلَ;خَبَّرَ
شَحَنَ,0,أَوْصَلَ;أَخْبَرَ;نَقَلَ;خَبَّرَ
قَدَّمَ,25,أَوْصَلَ;أَخْبَرَ;نَقَلَ;خَبَّرَ
نَشَرَ,"32,5",أَوْصَلَ;أَخْبَرَ;نَقَلَ;خَبَّرَ
مَنَحَ,10,أَوْصَلَ;أَخْبَرَ;نَقَلَ;خَبَّرَ
لَفَظَ,"12,5",أَوْصَلَ;أَخْبَرَ;نَقَلَ;خَبَّرَ
كَشَفَ,"57,5",أَوْصَلَ;أَخْبَرَ;نَقَلَ;خَبَّرَ
أَبَاحَ,"52,5",أَوْصَلَ;أَخْبَرَ;نَقَلَ;خَبَّرَ
أَعْلَنَ,"82,5",أَوْصَلَ;أَخْبَرَ;نَقَلَ;خَبَّرَ
وَزَّعَ,"7,5",أَوْصَلَ;أَخْبَرَ;نَقَلَ;خَبَّرَ
وَصَفَ,"27,5",أَوْصَلَ;أَخْبَرَ;نَقَلَ;خَبَّرَ
تَقَلَّصَ,40,نَقَصَ;قَلَّلَ;خَفَّضَ
قَلَّ,55,نَقَصَ;قَلَّلَ;خَفَّضَ
أَنْقَصَ,90,نَقَصَ;قَلَّلَ;خَفَّضَ
خَفَّّضَ,100,نَقَصَ;قَلَّلَ;خَفَّضَ
رَقَّ,15,نَقَصَ;قَلَّلَ;خَفَّضَ
نَقَّصَ,100,نَقَصَ;قَلَّلَ;خَفَّضَ
نَحُفَ,"22,5",نَقَصَ;قَلَّلَ;خَفَّضَ
صَغَّرَ,55,نَقَصَ;قَلَّلَ;خَفَّضَ
نَمَى,100,كَبُرَ;نَضَجَ;نَمى
نَبَت,30,كَبُرَ;نَضَجَ;نَمى
ظَهَرَ,15,كَبُرَ;نَضَجَ;نَمى
تَقَدَّمَ,20,كَبُرَ;نَضَجَ;نَمى
تَحَسَّنَ,"22,5",كَبُرَ;نَضَجَ;نَمى
صَعِدَ,"22,5",كَبُرَ;نَضَجَ;نَمى
خَلَطَ,"92,5",مَازَجَ;مَزَجَ
دَمَجَ,"92,5",مَازَجَ;مَزَجَ
رَكَّبَ,"37,5",مَازَجَ;مَزَجَ
خَلَط,"92,5",مَازَجَ;مَزَجَ
وَحَّدَ,25,مَازَجَ;مَزَجَ
جَمَّعَ,"42,5",مَازَجَ;مَزَجَ
ضَمَّ,40,مَازَجَ;مَزَجَ
وَاجَهَ,"2,5",لَعِبَ دَوْر;مَثَّلَ;مَثَّلَ دَوْر
نَابَ,55,لَعِبَ دَوْر;مَثَّلَ;مَثَّلَ دَوْر
صَوَّرَ,20,لَعِبَ دَوْر;مَثَّلَ;مَثَّلَ دَوْر
نَابَ عَن,55,لَعِبَ دَوْر;مَثَّلَ;مَثَّلَ دَوْر
رَمَزَ إِلَى,20,لَعِبَ دَوْر;مَثَّلَ;مَثَّلَ دَوْر
جَسَّدَ,60,لَعِبَ دَوْر;مَثَّلَ;مَثَّلَ دَوْر
عَبَّرَ عَن,"17,5",لَعِبَ دَوْر;مَثَّلَ;مَثَّلَ دَوْر
عَزَفَ,"12,5",لَعِبَ دَوْر;مَثَّلَ;مَثَّلَ دَوْر
قَدَّمَ,"37,5",لَعِبَ دَوْر;مَثَّلَ;مَثَّلَ دَوْر
عَرَضَ,55,لَعِبَ دَوْر;مَثَّلَ;مَثَّلَ دَوْر
وَصَفَ,"12,5",لَعِبَ دَوْر;مَثَّلَ;مَثَّلَ دَوْر
رَسَمَ,"12,5",لَعِبَ دَوْر;مَثَّلَ;مَثَّلَ دَوْر
أَظْهَرَ,10,لَعِبَ دَوْر;مَثَّلَ;مَثَّلَ دَوْر
شَكَّلَ,"22,5",لَعِبَ دَوْر;مَثَّلَ;مَثَّلَ دَوْر
أَلَّفَ,"12,5",لَعِبَ دَوْر;مَثَّلَ;مَثَّلَ دَوْر
لَعِبَ,"92,5",لَعِبَ دَوْر;مَثَّلَ;مَثَّلَ دَوْر
أَدَّى,"92,5",لَعِبَ دَوْر;مَثَّلَ;مَثَّلَ دَوْر
قَامَ بِ,"72,5",لَعِبَ دَوْر;مَثَّلَ;مَثَّلَ دَوْر
عَمِلَ,"42,5",لَعِبَ دَوْر;مَثَّلَ;مَثَّلَ دَوْر
صَوَّرَ,"42,5",إِنْتَحَلَ شَخْصِيَّة;اِتَّخَذَ شَخْصِيَّة;مَثَّل شَخْصِيَّةَ;مَثَّلَ
وَصَفَ,5,إِنْتَحَلَ شَخْصِيَّة;اِتَّخَذَ شَخْصِيَّة;مَثَّل شَخْصِيَّةَ;مَثَّلَ
رَسَمَ,0,إِنْتَحَلَ شَخْصِيَّة;اِتَّخَذَ شَخْصِيَّة;مَثَّل شَخْصِيَّةَ;مَثَّلَ
رَمَزَ إِلَى,15,إِنْتَحَلَ شَخْصِيَّة;اِتَّخَذَ شَخْصِيَّة;مَثَّل شَخْصِيَّةَ;مَثَّلَ
جَسَّدَ,"72,5",إِنْتَحَلَ شَخْصِيَّة;اِتَّخَذَ شَخْصِيَّة;مَثَّل شَخْصِيَّةَ;مَثَّلَ
عَبَّرَ عَن,"42,5",إِنْتَحَلَ شَخْصِيَّة;اِتَّخَذَ شَخْصِيَّة;مَثَّل شَخْصِيَّةَ;مَثَّلَ
عَرَضَ,45,إِنْتَحَلَ شَخْصِيَّة;اِتَّخَذَ شَخْصِيَّة;مَثَّل شَخْصِيَّةَ;مَثَّلَ
أَظْهَرَ,15,إِنْتَحَلَ شَخْصِيَّة;اِتَّخَذَ شَخْصِيَّة;مَثَّل شَخْصِيَّةَ;مَثَّلَ
اِجْتَسَّ,75,جَسَّ;لَمَسَ;مَسَّ;تَلَمَّسَ
لامَسَ,90,جَسَّ;لَمَسَ;مَسَّ;تَلَمَّسَ
اِتَّصَلَ,"7,5",جَسَّ;لَمَسَ;مَسَّ;تَلَمَّسَ
اِتَّحَدَ,"7,5",جَسَّ;لَمَسَ;مَسَّ;تَلَمَّسَ
اِلْتَقَى,10,جَسَّ;لَمَسَ;مَسَّ;تَلَمَّسَ
تَعَلَّقَ,"7,5",جَسَّ;لَمَسَ;مَسَّ;تَلَمَّسَ
هَمَّ,"2,5",جَسَّ;لَمَسَ;مَسَّ;تَلَمَّسَ
حَمَلَ,5,جَسَّ;لَمَسَ;مَسَّ;تَلَمَّسَ
أَفَادَ,"2,5",جَسَّ;لَمَسَ;مَسَّ;تَلَمَّسَ
أَشَارَ,"12,5",جَسَّ;لَمَسَ;مَسَّ;تَلَمَّسَ
تَوافَقَ,"97,5",اِنْسَجَمَ مَعَ;لائَمَ;تَنَاغَم;وَافَقَ
تَطَابَقَ,"92,5",اِنْسَجَمَ مَعَ;لائَمَ;تَنَاغَم;وَافَقَ
اِتَّفَقَ,70,اِنْسَجَمَ مَعَ;لائَمَ;تَنَاغَم;وَافَقَ
سَاوَى,60,اِنْسَجَمَ مَعَ;لائَمَ;تَنَاغَم;وَافَقَ
نَاسَبَ,"82,5",اِنْسَجَمَ مَعَ;لائَمَ;تَنَاغَم;وَافَقَ
قَابَلَ,"17,5",اِنْسَجَمَ مَعَ;لائَمَ;تَنَاغَم;وَافَقَ
لاعَبَ,0,اِنْسَجَمَ مَعَ;لائَمَ;تَنَاغَم;وَافَقَ
حَقَّقَ,5,اِنْسَجَمَ مَعَ;لائَمَ;تَنَاغَم;وَافَقَ
اِتَّفّقّ,70,اِنْسَجَمَ مَعَ;لائَمَ;تَنَاغَم;وَافَقَ
تَفَاهَمَ,45,اِنْسَجَمَ مَعَ;لائَمَ;تَنَاغَم;وَافَقَ
أَعَدَّ,"7,5",اِنْسَجَمَ مَعَ;لائَمَ;تَنَاغَم;وَافَقَ
قَبِلَ,"7,5",اِنْسَجَمَ مَعَ;لائَمَ;تَنَاغَم;وَافَقَ
واءَمَ,"77,5",اِنْسَجَمَ مَعَ;لائَمَ;تَنَاغَم;وَافَقَ
لاءَمَ,"92,5",اِنْسَجَمَ مَعَ;لائَمَ;تَنَاغَم;وَافَقَ
لَاءَمَ,"92,5",اِنْسَجَمَ مَعَ;لائَمَ;تَنَاغَم;وَافَقَ
نَزَعَ مِن,90,عَرَّى من;حَرَمَ;جَرَّدَ;سَلَبَ
جَرَّدَ مِن,95,عَرَّى من;حَرَمَ;جَرَّدَ;سَلَبَ
كَشَفَ,"12,5",عَرَّى من;حَرَمَ;جَرَّدَ;سَلَبَ
عَرَّى,85,عَرَّى من;حَرَمَ;جَرَّدَ;سَلَبَ
فَكَّكَ,"17,5",عَرَّى من;حَرَمَ;جَرَّدَ;سَلَبَ
أزَالَ,35,عَرَّى من;حَرَمَ;جَرَّدَ;سَلَبَ
مَنَعَ,"42,5",عَرَّى من;حَرَمَ;جَرَّدَ;سَلَبَ
اِسْتَخْدَمَ,"87,5",اِسْتَعْمَلَ;طَبَّقَ;جَرَّبَ
اِسْتَفَاد,25,اِسْتَعْمَلَ;طَبَّقَ;جَرَّبَ
اِنْتَفَعَ,"27,5",اِسْتَعْمَلَ;طَبَّقَ;جَرَّبَ
اسْتَنْزَف,"7,5",اِسْتَعْمَلَ;طَبَّقَ;جَرَّبَ
اِسْتَنْفَدَ,5,اِسْتَعْمَلَ;طَبَّقَ;جَرَّبَ
اِسْتَهْلَكَ,20,اِسْتَعْمَلَ;طَبَّقَ;جَرَّبَ
تَنَاوَلَ,15,اِسْتَعْمَلَ;طَبَّقَ;جَرَّبَ
أَخَذَ,"17,5",اِسْتَعْمَلَ;طَبَّقَ;جَرَّبَ
بَذَلَ,0,اِسْتَعْمَلَ;طَبَّقَ;جَرَّبَ
تَمَرَّنَ,5,اِسْتَعْمَلَ;طَبَّقَ;جَرَّبَ
تَدَرَّبَ,"7,5",اِسْتَعْمَلَ;طَبَّقَ;جَرَّبَ
مَارَسَ,"77,5",اِسْتَعْمَلَ;طَبَّقَ;جَرَّبَ
لَبِسَ,0,اِسْتَعْمَلَ;طَبَّقَ;جَرَّبَ
وَضَعَ,"17,5",اِسْتَعْمَلَ;طَبَّقَ;جَرَّبَ
قَطَّفَ,"97,5",حَصَدَ;جَنَى;قَطَفَ
أَحْرَزَ,35,حَصَدَ;جَنَى;قَطَفَ
زَخْرَفَ,"82,5",جَمَّلَ;زَيَّنَ
نَمَّقَ,"72,5",جَمَّلَ;زَيَّنَ
حَلَّى,90,جَمَّلَ;زَيَّنَ
عَاقَ,"47,5",حَجَزَ;جَمَّدَ
حَصَرَ,40,حَجَزَ;جَمَّدَ
عَلِقَ,"12,5",حَجَزَ;جَمَّدَ
أَوْقَفَ,75,حَجَزَ;جَمَّدَ
أَمْسَكَ,20,حَجَزَ;جَمَّدَ
شَلَّ حَرَكَة,"27,5",حَجَزَ;جَمَّدَ
سَدَّ,15,حَجَزَ;جَمَّدَ
أَعَاقَ,"42,5",حَجَزَ;جَمَّدَ
غَلَقَ,25,حَجَزَ;جَمَّدَ
عَرْقَلَ,"52,5",حَجَزَ;جَمَّدَ
عَوَّقَ,35,حَجَزَ;جَمَّدَ
اِعْتَرَضَ,"2,5",حَجَزَ;جَمَّدَ
قَيَّدَ,55,حَجَزَ;جَمَّدَ
تَغَلَّبَ عَلَى,"97,5",هَزَمَ;تَغَلَّب على;تَجَاوَزَ
سَيْطَرَ,50,هَزَمَ;تَغَلَّب على;تَجَاوَزَ
قَهَرَ,55,هَزَمَ;تَغَلَّب على;تَجَاوَزَ
تَخَطَّى,"87,5",هَزَمَ;تَغَلَّب على;تَجَاوَزَ
تَغَلَّبَ عَلَى,"97,5",هَزَمَ;تَغَلَّب على;تَجَاوَزَ
غَالَبَ,40,هَزَمَ;تَغَلَّب على;تَجَاوَزَ
وَقَع,"67,5",هَبَطَ;نَزَلَ;سَقَطَ
هَوَى,75,هَبَطَ;نَزَلَ;سَقَطَ
نَزَل,100,هَبَطَ;نَزَلَ;سَقَطَ
اِنْحَدَرَ,"47,5",هَبَطَ;نَزَلَ;سَقَطَ
وَقَعَ,"67,5",هَبَطَ;نَزَلَ;سَقَطَ
خَسِرَ,"7,5",هَبَطَ;نَزَلَ;سَقَطَ
اِنْخَفَضَ,40,هَبَطَ;نَزَلَ;سَقَطَ
هَمَدَ,30,هَبَطَ;نَزَلَ;سَقَطَ
نَقَصَ,"12,5",هَبَطَ;نَزَلَ;سَقَطَ
غَرِقَ,0,هَبَطَ;نَزَلَ;سَقَطَ
غَطَسَ,"2,5",هَبَطَ;نَزَلَ;سَقَطَ
غَارَ,"17,5",هَبَطَ;نَزَلَ;سَقَطَ
غَاصَ,0,هَبَطَ;نَزَلَ;سَقَطَ
تَنَاقَصَ,0,هَبَطَ;نَزَلَ;سَقَطَ
تَضَاءَلَ,"7,5",هَبَطَ;نَزَلَ;سَقَطَ
ضَؤُلَ,5,هَبَطَ;نَزَلَ;سَقَطَ
اِضْمَحَلَّ,10,هَبَطَ;نَزَلَ;سَقَطَ
تَدَاعَى,"12,5",هَبَطَ;نَزَلَ;سَقَطَ
إِنْهَارَ,25,هَبَطَ;نَزَلَ;سَقَطَ
أَقَامَ,0,هَبَطَ;نَزَلَ;سَقَطَ
اِسْتَقَرَّ,0,هَبَطَ;نَزَلَ;سَقَطَ
سَقَطَ عَلَى,"92,5",هَبَطَ;نَزَلَ;سَقَطَ
حَلَّ,"2,5",هَبَطَ;نَزَلَ;سَقَطَ
إِسْتَوْطَنَ,5,هَبَطَ;نَزَلَ;سَقَطَ
سَكَنَ,0,هَبَطَ;نَزَلَ;سَقَطَ
تَفَكَّرَ,"82,5",فَكَّرَ;تَأمَلَ;تَدَبَّرَ
خَمَّن,"42,5",فَكَّرَ;تَأمَلَ;تَدَبَّرَ
تَمَعَّنَ,"87,5",فَكَّرَ;تَأمَلَ;تَدَبَّرَ
خَمَّنَ,"42,5",فَكَّرَ;تَأمَلَ;تَدَبَّرَ
اِفْتَرَضَ,25,فَكَّرَ;تَأمَلَ;تَدَبَّرَ
تَذَكَّرَ,"17,5",فَكَّرَ;تَأمَلَ;تَدَبَّرَ
اِسْتَرْجَعَ,"32,5",فَكَّرَ;تَأمَلَ;تَدَبَّرَ
ااِسْتَدْعَى,"12,5",فَكَّرَ;تَأمَلَ;تَدَبَّرَ
أَعَادَ,"2,5",فَكَّرَ;تَأمَلَ;تَدَبَّرَ
ذَكَرَ,"22,5",فَكَّرَ;تَأمَلَ;تَدَبَّرَ
تَبَصَّرَ,70,فَكَّرَ;تَأمَلَ;تَدَبَّرَ
تَأمَّلَ,"97,5",فَكَّرَ;تَأمَلَ;تَدَبَّرَ
اِسْتَغْرَقَ,"7,5",فَكَّرَ;تَأمَلَ;تَدَبَّرَ
أجَالَ الفِكْر,60,فَكَّرَ;تَأمَلَ;تَدَبَّرَ
أعْمَلَ الفِكْر,55,فَكَّرَ;تَأمَلَ;تَدَبَّرَ
اِتَّقَدَ غَيْظًا,"7,5",إِهْتَاجَ;فَارَ;غَلَى;رَغَا;زَبَدَ
اِسْتَشَاطَ,15,إِهْتَاجَ;فَارَ;غَلَى;رَغَا;زَبَدَ
اِهْتَاجَ,100,إِهْتَاجَ;فَارَ;غَلَى;رَغَا;زَبَدَ
اِشْتَعَلَ غَضَبًا,"12,5",إِهْتَاجَ;فَارَ;غَلَى;رَغَا;زَبَدَ
تَقَدَّمَ,25,دَاسَ;دَعَسَ;وَطَأ;خَطَا
مَشَى,"72,5",دَاسَ;دَعَسَ;وَطَأ;خَطَا
تَمَشَّى,"62,5",دَاسَ;دَعَسَ;وَطَأ;خَطَا
اِنْدَفَعَ,"72,5",أطَلَّ;طَلَّ;ظَهَرَ;بَرَزَ;بَزَغ
خَرَجَ,80,أطَلَّ;طَلَّ;ظَهَرَ;بَرَزَ;بَزَغ
بَزَغَ,100,أطَلَّ;طَلَّ;ظَهَرَ;بَرَزَ;بَزَغ
اِنْبَثَقَ,70,أطَلَّ;طَلَّ;ظَهَرَ;بَرَزَ;بَزَغ
اِنْطَلَقَ,45,أطَلَّ;طَلَّ;ظَهَرَ;بَرَزَ;بَزَغ
صَعِدَ,25,أطَلَّ;طَلَّ;ظَهَرَ;بَرَزَ;بَزَغ
نَشَرَ,"7,5",أطَلَّ;طَلَّ;ظَهَرَ;بَرَزَ;بَزَغ
أَتَى,"32,5",أطَلَّ;طَلَّ;ظَهَرَ;بَرَزَ;بَزَغ
طَلَعَ,"77,5",أطَلَّ;طَلَّ;ظَهَرَ;بَرَزَ;بَزَغ
إِرْتَفَعَ,25,أطَلَّ;طَلَّ;ظَهَرَ;بَرَزَ;بَزَغ
ثَبَتَ,"42,5",ظَلَّ;بَقِيَ;مَكَثَ
بَقَى,90,ظَلَّ;بَقِيَ;مَكَثَ
رَسَخَ,"62,5",ظَلَّ;بَقِيَ;مَكَثَ
اِسْتَقَرَّ,"37,5",ظَلَّ;بَقِيَ;مَكَثَ
سَكَنَ,30,ظَلَّ;بَقِيَ;مَكَثَ
نَزَلَ,0,ظَلَّ;بَقِيَ;مَكَثَ
اسْتَأْجَرَ,0,ظَلَّ;بَقِيَ;مَكَثَ
أَقَامَ,"12,5",ظَلَّ;بَقِيَ;مَكَثَ
وَاصَلَ,"62,5",ظَلَّ;بَقِيَ;مَكَثَ
تَابَعَ,"67,5",ظَلَّ;بَقِيَ;مَكَثَ
اِسْتَمَرَّ,"72,5",ظَلَّ;بَقِيَ;مَكَثَ
إِسْتَغْرَقَ,"17,5",ظَلَّ;بَقِيَ;مَكَثَ
عَاشَ,"2,5",ظَلَّ;بَقِيَ;مَكَثَ
حَوَّلَ,85,أزَاحَ;بَدَّلَ;غَيَّرَ
تَبَدَّلَ,80,أزَاحَ;بَدَّلَ;غَيَّرَ
تَحَوَّلَ,"72,5",أزَاحَ;بَدَّلَ;غَيَّرَ
اِرْتَدَّ,"27,5",أزَاحَ;بَدَّلَ;غَيَّرَ
اِنْقَلَبَ,"22,5",أزَاحَ;بَدَّلَ;غَيَّرَ
مَسَخَ,"17,5",أزَاحَ;بَدَّلَ;غَيَّرَ
أبْدَلَ,90,أزَاحَ;بَدَّلَ;غَيَّرَ
قَلَبَ,60,أزَاحَ;بَدَّلَ;غَيَّرَ
أحَالَ,45,أزَاحَ;بَدَّلَ;غَيَّرَ
تَقَلَّبَ,"22,5",أزَاحَ;بَدَّلَ;غَيَّرَ
تَنَوَّعَ,"7,5",أزَاحَ;بَدَّلَ;غَيَّرَ
تَغَيَّرَ,75,أزَاحَ;بَدَّلَ;غَيَّرَ
تَفَاوَتَ,10,أزَاحَ;بَدَّلَ;غَيَّرَ
غَيَّر,100,أزَاحَ;بَدَّلَ;غَيَّرَ
عَدَّلَ,45,أزَاحَ;بَدَّلَ;غَيَّرَ
اِخْتَلَفَ,20,أزَاحَ;بَدَّلَ;غَيَّرَ
دَارَ,55,أزَاحَ;بَدَّلَ;غَيَّرَ
اِنْحَرَفَ,"67,5",أزَاحَ;بَدَّلَ;غَيَّرَ
اِلْتَفَتَ,65,أزَاحَ;بَدَّلَ;غَيَّرَ
إِسْتَدَارَ,65,أزَاحَ;بَدَّلَ;غَيَّرَ
إِنْعَطَفَ,"62,5",أزَاحَ;بَدَّلَ;غَيَّرَ
حَوَّل,"87,5",أزَاحَ;بَدَّلَ;غَيَّرَ
اِسْتَبْدَل,"87,5",أزَاحَ;بَدَّلَ;غَيَّرَ
أَبْدَلَ,80,أزَاحَ;بَدَّلَ;غَيَّرَ
تَغَيَّرَ,60,بَدَّلَ;غَيَّرَ;قَلَبَ
عَدَّلَ,50,بَدَّلَ;غَيَّرَ;قَلَبَ
تَبَدَّلَ,"57,5",بَدَّلَ;غَيَّرَ;قَلَبَ
أبْدَلَ,"82,5",بَدَّلَ;غَيَّرَ;قَلَبَ
حَوَّلَ,85,بَدَّلَ;غَيَّرَ;قَلَبَ
تَقَلَّبَ,55,بَدَّلَ;غَيَّرَ;قَلَبَ
تَنَوَّعَ,15,بَدَّلَ;غَيَّرَ;قَلَبَ
تَفَاوَتَ,5,بَدَّلَ;غَيَّرَ;قَلَبَ
غَيَّر,100,بَدَّلَ;غَيَّرَ;قَلَبَ
كَيَّفَ,"22,5",بَدَّلَ;غَيَّرَ;قَلَبَ
اِخْتَلَفَ,"37,5",بَدَّلَ;غَيَّرَ;قَلَبَ
أحَالَ,"37,5",بَدَّلَ;غَيَّرَ;قَلَبَ
تَحَوَّلَ,"52,5",بَدَّلَ;غَيَّرَ;قَلَبَ
اِرْتَدَّ,15,بَدَّلَ;غَيَّرَ;قَلَبَ
اِنْقَلَبَ,"77,5",بَدَّلَ;غَيَّرَ;قَلَبَ
أزَاحَ,"12,5",بَدَّلَ;غَيَّرَ;قَلَبَ
غَلُظَ,"2,5",بَدَّلَ;غَيَّرَ;قَلَبَ
مَسَخَ,15,بَدَّلَ;غَيَّرَ;قَلَبَ
تَبَادَلَ,10,بَدَّلَ;غَيَّرَ;قَلَبَ
بَادَلَ,"12,5",بَدَّلَ;غَيَّرَ;قَلَبَ
حَوَّل,"82,5",بَدَّلَ;غَيَّرَ;قَلَبَ
اِسْتَبْدَل,"47,5",بَدَّلَ;غَيَّرَ;قَلَبَ
أَبْدَلَ,60,بَدَّلَ;غَيَّرَ;قَلَبَ
دَارَ,"2,5",بَدَّلَ;غَيَّرَ;قَلَبَ
اِنْحَرَفَ,15,بَدَّلَ;غَيَّرَ;قَلَبَ
اِلْتَفَتَ,10,بَدَّلَ;غَيَّرَ;قَلَبَ
إِسْتَدَارَ,5,بَدَّلَ;غَيَّرَ;قَلَبَ
إِنْعَطَفَ,"2,5",بَدَّلَ;غَيَّرَ;قَلَبَ
تَسَاءَلَ,"82,5",اِسْتَعْلَمَ;اِسْتَفْسَرَ;بَحَثَ
تَمَنَّى مَعْرِفَة شَئ,"52,5",اِسْتَعْلَمَ;اِسْتَفْسَرَ;بَحَثَ
سَألَ,"87,5",اِسْتَعْلَمَ;اِسْتَفْسَرَ;بَحَثَ
اِسْتَخْبَرَ,"82,5",اِسْتَعْلَمَ;اِسْتَفْسَرَ;بَحَثَ
طَلَبَ,"27,5",اِسْتَعْلَمَ;اِسْتَفْسَرَ;بَحَثَ
أَعَدَّ,"82,5",طَبَخَ
جَهََّزَ,"87,5",طَبَخَ
جَهَّزَ,"87,5",طَبَخَ
هَيَّأَ,"57,5",طَبَخَ
حَضَّرَ,"82,5",طَبَخَ
وَضَعَ,"32,5",طَبَخَ
أَقَامَ,"22,5",طَبَخَ
أَنْشَأَ,"12,5",طَبَخَ
رَتَّبَ,15,طَبَخَ
كَوَنَ,30,طَبَخَ
عَمِلَ,"67,5",طَبَخَ
صَنَعَ,"52,5",طَبَخَ
عَقَدَ,5,طَبَخَ
أَعْطَى,5,طَبَخَ
سَبَّبَ,0,طَبَخَ
أَحْدَثَ,"7,5",طَبَخَ
ثَبَّتَ,0,طَبَخَ
طَهَى,100,طَبَخَ
اِكْتَسَبَ,0,طَبَخَ
خَشْخَشَ,"67,5",صَرَّ;صَرَّ بأسْنَانِه;طَحَنَ;سَحَقَ
سَحَنَ,40,صَرَّ;صَرَّ بأسْنَانِه;طَحَنَ;سَحَقَ
سَحَقَ,"87,5",طَحَنَ
صَرَّ بأسْنَانِه,"22,5",طَحَنَ
صَرَّ,40,طَحَنَ
خَشْخَشَ,"12,5",طَحَنَ
سَحَنَ,70,طَحَنَ
نَعَّمَ,"72,5",صَقَلَ;هَذَّبَ
لَمَّعَ,85,صَقَلَ;هَذَّبَ
جَلَى,40,صَقَلَ;هَذَّبَ
نَعَّمَ,"62,5",صَقَلَ
لَمَّعَ,65,صَقَلَ
جَلَى,50,صَقَلَ
هَذَّبَ,"72,5",صَقَلَ
ضَرَبَ,90,اِصْطَدَمَ;اِرْتَطَمَ;صَدَمَ;رَطَمَ
نَقَرَ,"22,5",اِصْطَدَمَ;اِرْتَطَمَ;صَدَمَ;رَطَمَ
دَقَّ,25,اِصْطَدَمَ;اِرْتَطَمَ;صَدَمَ;رَطَمَ
اِصْطَدَمَ بِ,100,اِصْطَدَمَ;اِرْتَطَمَ;صَدَمَ;رَطَمَ
قَابَلَ,"12,5",اِصْطَدَمَ;اِرْتَطَمَ;صَدَمَ;رَطَمَ
شَوَّشَ,"82,5",أرْبَكَ;حَيَّرَ
أزْعَجَ,"47,5",أرْبَكَ;حَيَّرَ
أقْلَقَ,"72,5",أرْبَكَ;حَيَّرَ
خَرْبَطَ,"77,5",أرْبَكَ;حَيَّرَ
أَزْعَجَ,45,أرْبَكَ;حَيَّرَ
أَرْبَكَ,100,أرْبَكَ;حَيَّرَ
أَقْلَقَ,"72,5",أرْبَكَ;حَيَّرَ
حَثَّ عَلَى,"92,5",حَضَّ;حَثَّ
أَوْصَى ب,80,حَضَّ;حَثَّ
أَنْقَدَ,90,أَزَاحَ;حَرَّرَ;خَلَّصَ;زَحْزَحَ
تَرَكَ,20,أَزَاحَ;حَرَّرَ;خَلَّصَ;زَحْزَحَ
تَخَلَّى عن,20,أَزَاحَ;حَرَّرَ;خَلَّصَ;زَحْزَحَ
تَنَازَل عن,"12,5",أَزَاحَ;حَرَّرَ;خَلَّصَ;زَحْزَحَ
بَشَرِيّ,100,إِنْسَانِي;بَشَرِي;آدَمِي
اِنْسَانِي,100,إِنْسَانِي;بَشَرِي;آدَمِي
ذَرِّيّ,100,ذَرِّي;نَوَوِي
نَوَوِيّ,100,ذَرِّي;نَوَوِي
خَطِير,"27,5",حَرِج
خَطِر,30,حَرِج
حَاسِم,"77,5",حَرِج
حَرْبِي,95,عَسْكَرِيّ
اِنْفِعَالِيّ,"77,5",عَاطِفِيّ
قَوْقَازِي,45,أبْيَض
آدَمِي,"82,5",إِنْسَانِي
بَشَرِي,95,إِنْسَانِي
بَشَرِيّ,95,إِنْسَانِي
اِنْسَانِي,100,إِنْسَانِي
نَوَوِيّ,"47,5",ذَرِّيّ
نَوَوِي,"47,5",ذَرِّيّ
ذَرِّي,100,ذَرِّيّ
خُصُوصَاً,95,بِشَكْل خَاص;بِطَرِيقَة خَاصَّة
بِشَكْل مُمَيَّز,85,بِشَكْل خَاص;بِطَرِيقَة خَاصَّة
